-- phpMyAdmin SQL Dump
-- version 4.7.0
-- https://www.phpmyadmin.net/
--
-- Host: 127.0.0.1
-- Generation Time: 03-Jul-2018 às 22:52
-- Versão do servidor: 5.7.17
-- PHP Version: 5.6.30

SET SQL_MODE = "NO_AUTO_VALUE_ON_ZERO";
SET AUTOCOMMIT = 0;
START TRANSACTION;
SET time_zone = "+00:00";


/*!40101 SET @OLD_CHARACTER_SET_CLIENT=@@CHARACTER_SET_CLIENT */;
/*!40101 SET @OLD_CHARACTER_SET_RESULTS=@@CHARACTER_SET_RESULTS */;
/*!40101 SET @OLD_COLLATION_CONNECTION=@@COLLATION_CONNECTION */;
/*!40101 SET NAMES utf8mb4 */;

--
-- Database: `showtime`
--

-- --------------------------------------------------------

--
-- Estrutura da tabela `artista`
--

CREATE TABLE `artista` (
  `Nome` varchar(64) NOT NULL,
  `anoInicio` varchar(4) DEFAULT NULL,
  `Imagem` longblob
) ENGINE=InnoDB DEFAULT CHARSET=utf8 ROW_FORMAT=COMPACT;

--
-- Extraindo dados da tabela `artista`
--

INSERT INTO `artista` (`Nome`, `anoInicio`, `Imagem`) VALUES
('!!!', NULL, NULL),
('(Gustavo Monsanto)', NULL, NULL),
('13 & God', NULL, NULL),
('21 Guns', NULL, NULL),
('4 Non Blondes', '1989', NULL),
('58', NULL, NULL),
('5th PROJEKT', NULL, NULL),
('5th Story', NULL, NULL),
('7 Blue Skies', NULL, NULL),
('A Cursive Memory', NULL, NULL),
('A Day in Black and White', NULL, NULL),
('A Day in the Life', NULL, NULL),
('A Perfect Circle', NULL, NULL),
('A Shoreline Dream', NULL, NULL),
('A-Trak', NULL, NULL),
('Aaron A. Brooks', NULL, NULL),
('Aaron Deer', NULL, NULL),
('AC/DC', NULL, NULL),
('AC/DShe', NULL, NULL),
('Action Action', NULL, NULL),
('Adair Cardoso', NULL, NULL),
('Adam Cohen', NULL, NULL),
('Adam Lambert', NULL, NULL),
('Adam Siegel', NULL, NULL),
('Adam Willard', NULL, NULL),
('Adler', NULL, NULL),
('Adler\'s Appetite', NULL, NULL),
('Adrian Orange', NULL, NULL),
('Aerosmith', '1970', NULL),
('Afrojack', NULL, NULL),
('Agentss', NULL, NULL),
('Aimee Echo', NULL, NULL),
('Aimee Miller', NULL, NULL),
('Al Pitrelli', NULL, NULL),
('Alan Singley and Pants Machine', NULL, NULL),
('Alaska!', NULL, NULL),
('Albert Ayler', NULL, NULL),
('Albert Beger', NULL, NULL),
('Alcatrazz', NULL, NULL),
('Alden Penner', NULL, NULL),
('Alemão Do Forró', NULL, NULL),
('Alex Clare', NULL, NULL),
('Alex da Kid', NULL, NULL),
('Alex Dezen', NULL, NULL),
('Alex Greenwald', NULL, NULL),
('Alex Nevsky', NULL, NULL),
('Alex Veley', NULL, NULL),
('Alex Wolff', NULL, NULL),
('Alice Cooper', NULL, NULL),
('Alicia Keys', '1996', NULL),
('Alissa Moreno', NULL, NULL),
('Alive in Wild Paint', NULL, NULL),
('All the Day Holiday', NULL, NULL),
('Alvaro', NULL, NULL),
('Alyssa Bonagura', NULL, NULL),
('Amelia Curran', NULL, NULL),
('Amen Dunes', NULL, NULL),
('American Babies', NULL, NULL),
('Amery Smith', NULL, NULL),
('Amir Derakh', NULL, NULL),
('Ammar Malik', NULL, NULL),
('Ana Carolina', NULL, NULL),
('Anamanaguchi', NULL, NULL),
('Anathallo', NULL, NULL),
('Anavae', NULL, NULL),
('André \"Dre\" Harris', NULL, NULL),
('Andre Harris', NULL, NULL),
('Andrea', NULL, NULL),
('Andrea Bocelli', NULL, NULL),
('Andrew Champion', NULL, NULL),
('Andrew Cyrille', NULL, NULL),
('Andrew Hill', NULL, NULL),
('Andrew McMahon', NULL, NULL),
('Andrew Scheps', NULL, NULL),
('Andrew Stockdale', NULL, NULL),
('Andria Busic', NULL, NULL),
('Andy Chapin', NULL, NULL),
('Andy Gibb', NULL, NULL),
('Angel\'s Breath', NULL, NULL),
('Angger Dimas', NULL, NULL),
('Angora', NULL, NULL),
('Angus Young', NULL, NULL),
('Annuals', NULL, NULL),
('Anthem In', NULL, NULL),
('Anthony \"Tiny Bubz\" Biuso', NULL, NULL),
('Anthony Braxton', NULL, NULL),
('Anthony \\\\Tiny\\\\ Biuso', NULL, NULL),
('Antje Duvekot', NULL, NULL),
('Antônio Carlos Jobim', NULL, NULL),
('Apache Stone', NULL, NULL),
('Apostle of Hustle', NULL, NULL),
('Apse', NULL, NULL),
('Arcade Fire', '2001', NULL),
('Archean Soundtrack', NULL, NULL),
('Archie Shepp', NULL, NULL),
('Armor for Sleep', NULL, NULL),
('Armored Saint', NULL, NULL),
('Arrigo Barnabé', NULL, NULL),
('Art of Anarchy', NULL, NULL),
('Arthur Maia', NULL, NULL),
('Ashburne Glen', NULL, NULL),
('Ashley Dzerigian', NULL, NULL),
('Asobi Seksu', NULL, NULL),
('Asphalt Ballet', NULL, NULL),
('Assassin', NULL, NULL),
('Atlas Strategic', NULL, NULL),
('Atom Willard', NULL, NULL),
('Attack Cat', NULL, NULL),
('Attaloss', NULL, NULL),
('Attaxe', NULL, NULL),
('Audley Freed', NULL, NULL),
('Autoramas', NULL, NULL),
('Aztlan Underground', NULL, NULL),
('Azul 29', NULL, NULL),
('Azure Ray', NULL, NULL),
('Azymuth', NULL, NULL),
('Baby Shakes', NULL, NULL),
('Backhouse Mike', NULL, NULL),
('Bad English', NULL, NULL),
('Bad Radio', NULL, NULL),
('Badlands', NULL, NULL),
('Bamboo Mañalac', NULL, NULL),
('Bananarama', NULL, NULL),
('Bang Tango', NULL, NULL),
('Barely Blind', NULL, NULL),
('Bark Hide and Horn', NULL, NULL),
('Barren Cross', NULL, NULL),
('Barry Blue', NULL, NULL),
('Bastardolomey', NULL, NULL),
('Baumer', NULL, NULL),
('Beacon Street Union', NULL, NULL),
('Bear In Heaven', NULL, NULL),
('Bear\'s Den', NULL, NULL),
('Beautiful Creatures', NULL, NULL),
('Becky Stark', NULL, NULL),
('Bee Gees', '1958', NULL),
('Before You Exit', NULL, NULL),
('Beija Flor', NULL, NULL),
('Bellarive', NULL, NULL),
('Bend Sinister', NULL, NULL),
('Benevento/Russo Duo', NULL, NULL),
('Benny Blanco', NULL, NULL),
('Bertie Blackman', NULL, NULL),
('Between the Trees', NULL, NULL),
('Big Japan', NULL, NULL),
('Bilal', NULL, NULL),
('Bill Barron', NULL, NULL),
('Bill Dixon', NULL, NULL),
('Billy Duffy', NULL, NULL),
('Billy Gibbons', NULL, NULL),
('Billy Squier', NULL, NULL),
('Bingo Players', NULL, NULL),
('Birds of Wales', NULL, NULL),
('Bishop Allen', NULL, NULL),
('Bishop Briggs', '2015', NULL),
('Bitch', NULL, NULL),
('Björn Yttling', NULL, NULL),
('Black Camaro', NULL, NULL),
('Black Diamond Bay', NULL, NULL),
('Black Helicopter', NULL, NULL),
('Black Label Society', NULL, NULL),
('Black Lips', NULL, NULL),
('Black Moth Super Rainbow', NULL, NULL),
('Black Sabbath', NULL, NULL),
('Black Star Riders', NULL, NULL),
('Black Taxi', NULL, NULL),
('Blackie Lawless', NULL, NULL),
('Blackjack', NULL, NULL),
('Blacklist', NULL, NULL),
('Blaine Thurier', NULL, NULL),
('Blame Game', NULL, NULL),
('Blanket Music', NULL, NULL),
('Bleach Blood', NULL, NULL),
('Bleeker', NULL, NULL),
('Blonde Electra', NULL, NULL),
('Blue Weaver', NULL, NULL),
('Boaz van de Beatz', NULL, NULL),
('Bob Kulick', NULL, NULL),
('Bob Sinclar', NULL, NULL),
('Bobby Few', NULL, NULL),
('Bobby Jarzombek', NULL, NULL),
('Bola Sete', NULL, NULL),
('Bon Jovi', NULL, NULL),
('Bon Scott', NULL, NULL),
('Bonde do Forró', NULL, NULL),
('Boom Bip', NULL, NULL),
('Born Ruffians', NULL, NULL),
('Bound Stems', NULL, NULL),
('Boxed In', NULL, NULL),
('Boyce Avenue', '2004', NULL),
('Bracket', NULL, NULL),
('Brad Whitford', NULL, NULL),
('Bradford Cox', NULL, NULL),
('Bradley Bell', NULL, NULL),
('Braids', NULL, NULL),
('Brand New Immortals', NULL, NULL),
('Bree Sharp', NULL, NULL),
('Brent Fitz', NULL, NULL),
('Brent Muscat', NULL, NULL),
('Brian Johnson', NULL, NULL),
('Brian Reitzell', NULL, NULL),
('Brian Tichy', NULL, NULL),
('Brides of Destruction', NULL, NULL),
('Brigade', NULL, NULL),
('Brightblack Morning Light', NULL, NULL),
('Brite Futures', NULL, NULL),
('Broadway', NULL, NULL),
('Broken Social Scene', NULL, NULL),
('Broken Spindles', NULL, NULL),
('Brother Love', NULL, NULL),
('Brother\'s Past', NULL, NULL),
('Brotherhood of Man', NULL, NULL),
('Bruce Dickinson', NULL, NULL),
('Bruce Kulick', NULL, NULL),
('Bryan \"Brain\" Mantia', NULL, NULL),
('Bryan Mantia', NULL, NULL),
('Buckcherry', NULL, NULL),
('Buckethead', NULL, NULL),
('Buke and Gase', NULL, NULL),
('Bulimia Banquet', NULL, NULL),
('BulletBoys', NULL, NULL),
('Burden Brothers', NULL, NULL),
('Buster Brown', NULL, NULL),
('Cacophony', NULL, NULL),
('Cadão Volpato', NULL, NULL),
('Caetano Veloso', NULL, NULL),
('Cam Avery', NULL, NULL),
('Cam Blackwood', NULL, NULL),
('Cameron Blackwood', NULL, NULL),
('Cameron Brown', NULL, NULL),
('Candace Marie', NULL, NULL),
('Candy', NULL, NULL),
('Capital Inicial', NULL, NULL),
('Carl LeBlanc', NULL, NULL),
('Carlinhos Brown', NULL, NULL),
('Carlos Ward', NULL, NULL),
('Carvin & Ivan', NULL, NULL),
('Cassadee Pope', NULL, NULL),
('Cássia Eller', NULL, NULL),
('Castaneda', NULL, NULL),
('Cat\'s Eyes', NULL, NULL),
('Caviar', NULL, NULL),
('Cazuza', NULL, NULL),
('CDB', NULL, NULL),
('Cecil McBee', NULL, NULL),
('Cecil Taylor', NULL, NULL),
('Cedric Bixler-Zavala', NULL, NULL),
('Celer', NULL, NULL),
('Cello Dias', NULL, NULL),
('Chad VanGaalen', NULL, NULL),
('Chalk FarM', NULL, NULL),
('Chantal Claret', NULL, NULL),
('Chantal Euringer Claret', NULL, NULL),
('Charles Tyler', NULL, NULL),
('Charlie Brown Jr.', NULL, NULL),
('Charlie Hugall', NULL, NULL),
('CHARLOTTE', NULL, NULL),
('Charlotte Martin', NULL, NULL),
('Cheap Trick', NULL, NULL),
('Cheney Brannon', NULL, NULL),
('Cherie Currie', NULL, NULL),
('Cheryl Lynn', NULL, NULL),
('Chicago', NULL, NULL),
('Chico Buarque', NULL, NULL),
('Chico César', NULL, NULL),
('Chief', NULL, NULL),
('Childhood', NULL, NULL),
('Chris Brown', NULL, NULL),
('Chris Chaney', NULL, NULL),
('Chris Holmes', NULL, NULL),
('Chris Murphy', NULL, NULL),
('Chris Pitman', NULL, NULL),
('Chris Schlarb', NULL, NULL),
('Chris Slade', NULL, NULL),
('Chris Van Dahl', NULL, NULL),
('Chris Weber', NULL, NULL),
('Christians & Lions', NULL, NULL),
('Chuck Biscuits', NULL, NULL),
('Chuck Wright', NULL, NULL),
('Cinderella', NULL, NULL),
('Cities in Dust', NULL, NULL),
('Citizens Here and Abroad', NULL, NULL),
('Citizens!', NULL, NULL),
('Clap Your Hands Say Yeah', NULL, NULL),
('CLARK the band', NULL, NULL),
('Claude Schnell', NULL, NULL),
('Claudio Kron', NULL, NULL),
('Cliff Burton', NULL, NULL),
('Cliff Williams', NULL, NULL),
('Clifford Lee \"Cliff\" Burton', NULL, NULL),
('CocoRosie', '2003', NULL),
('Colin Munroe', NULL, NULL),
('Colossal', NULL, NULL),
('Common Rider', NULL, NULL),
('Common Shiner', NULL, NULL),
('Constantines', NULL, NULL),
('Contraband', NULL, NULL),
('controller.controller', NULL, NULL),
('Cookie Duster', NULL, NULL),
('Copeland', NULL, NULL),
('CPM 22', NULL, NULL),
('Craig Fairbaugh', NULL, NULL),
('Craig Harris', NULL, NULL),
('Craig S. Harris', NULL, NULL),
('CREƎP', NULL, NULL),
('Cristian Machado', NULL, NULL),
('Criteria', NULL, NULL),
('Crossfade', NULL, NULL),
('Crystal Fighters', NULL, NULL),
('Crystal Stilts', NULL, NULL),
('Cub Country', NULL, NULL),
('D-Block & S-te-Fan', NULL, NULL),
('D-Wayne', NULL, NULL),
('D.O.D.', NULL, NULL),
('Dada', NULL, NULL),
('Dallas Austin', NULL, NULL),
('Damn Yankees', NULL, NULL),
('Damnocracy', NULL, NULL),
('Damon Elliott', NULL, NULL),
('Dan Boeckner', NULL, NULL),
('Dan Monti', NULL, NULL),
('Dan the Automator', NULL, NULL),
('Dan Vickrey', NULL, NULL),
('Daniel Anderson', NULL, NULL),
('Daniela Mercury', NULL, NULL),
('Danny Seraphine', NULL, NULL),
('Dante DeCaro', NULL, NULL),
('Danzig', NULL, NULL),
('Darine', NULL, NULL),
('Dark New Day', NULL, NULL),
('Daron Malakian', NULL, NULL),
('Darrell Roberts', NULL, NULL),
('Dash Berlin', NULL, NULL),
('Dashboard Confessional', NULL, NULL),
('Dat\'r', NULL, NULL),
('Dave Carlock', NULL, NULL),
('Dave Evans', NULL, NULL),
('Dave Hartley', NULL, NULL),
('Dave Kushner', NULL, NULL),
('Dave Mustaine', NULL, NULL),
('Dave Navarro', NULL, NULL),
('David Foster', NULL, NULL),
('David Karsten Daniels', NULL, NULL),
('David Lee Roth', NULL, NULL),
('David S. Ware', NULL, NULL),
('Dawayne Bailey', NULL, NULL),
('Dawn Richard', NULL, NULL),
('Dawntreader', NULL, NULL),
('Dazaranha', NULL, NULL),
('Dead Fish', NULL, NULL),
('Dead Meadow', NULL, NULL),
('Deadboy & the Elephantmen', NULL, NULL),
('Deaf Pedestrians', NULL, NULL),
('Death Is Not a Joyride', NULL, NULL),
('Debaser', NULL, NULL),
('Decibully', NULL, NULL),
('Deconstruction', NULL, NULL),
('Dee Anthony', NULL, NULL),
('Dee Dee Warwick', NULL, NULL),
('Deen Castronovo', NULL, NULL),
('Deerhunter', NULL, NULL),
('Deliverance', NULL, NULL),
('Denali', NULL, NULL),
('Dennis Leeflang', NULL, NULL),
('Deorro', NULL, NULL),
('Department of Eagles', NULL, NULL),
('Desario', NULL, NULL),
('Desmond Child', NULL, NULL),
('Despistado', NULL, NULL),
('Destroy Rebuild Until God Shows', NULL, NULL),
('Detonautas Roque Clube', NULL, NULL),
('Dev Hynes', NULL, NULL),
('Devendra Banhart', NULL, NULL),
('Diagram of the Heart', NULL, NULL),
('Diamond Nights', NULL, NULL),
('Dick Wagner', NULL, NULL),
('Dilana', NULL, NULL),
('Dilana Robichaux', NULL, NULL),
('Dillon Francis', NULL, NULL),
('Dimitri Tikovoi', NULL, NULL),
('Dimitri Vegas & Like Mike', NULL, NULL),
('Dinavon Bythwood', NULL, NULL),
('Dio', NULL, NULL),
('Dirty Little Rabbits', NULL, NULL),
('Dirty Looks', NULL, NULL),
('Dirty Martini', NULL, NULL),
('Dishwalla', NULL, NULL),
('Dizzy Reed', NULL, NULL),
('DJ Ashba', NULL, NULL),
('DJ Skee', NULL, NULL),
('DJ Vibe', NULL, NULL),
('Djam Karet', NULL, NULL),
('DKFXP', NULL, NULL),
('Dog Day', NULL, NULL),
('Dokken', NULL, NULL),
('Dolorean', NULL, NULL),
('Don Cherry', NULL, NULL),
('Don Dokken', NULL, NULL),
('Don Felder', NULL, NULL),
('Don Henley', NULL, NULL),
('Don Vail', NULL, NULL),
('Donald Cumming', NULL, NULL),
('Dori Caymmi', NULL, NULL),
('Dot da Genius', NULL, NULL),
('Doug Aldrich', NULL, NULL),
('Doug Beck', NULL, NULL),
('Doug Blair', NULL, NULL),
('Dr. Sin', NULL, NULL),
('Dre & Vidal', NULL, NULL),
('Dua Lipa', NULL, NULL),
('DubVision', NULL, NULL),
('Duff McKagan', NULL, NULL),
('Dumas', NULL, NULL),
('Dweezil Zappa', NULL, NULL),
('D∆WN', NULL, NULL),
('Eager Seas', NULL, NULL),
('Eagles of Death Metal', NULL, NULL),
('Eamon McGrath', NULL, NULL),
('earthlings?', NULL, NULL),
('East West', NULL, NULL),
('Eastern Conference Champions', NULL, NULL),
('Echo Lake', NULL, NULL),
('Ed Wilson', NULL, NULL),
('Eddie Money', NULL, NULL),
('Eddie Solis', NULL, NULL),
('Eddie St. James', NULL, NULL),
('Eddie Vedder', NULL, NULL),
('Eden Ants', NULL, NULL),
('Edgar Barrera', NULL, NULL),
('EdibleRed', NULL, NULL),
('Ednaswap', NULL, NULL),
('Edu Ardanuy', NULL, NULL),
('Edward Maya', NULL, NULL),
('Edward Sharpe and the Magnetic Zeros', NULL, NULL),
('Edward Vincent St.James', NULL, NULL),
('Eeves', NULL, NULL),
('Egger', NULL, NULL),
('Ehnahre', NULL, NULL),
('Elan Atias', NULL, NULL),
('Elastic No-No Band', NULL, NULL),
('Elbow Beach Surf Club', NULL, NULL),
('Electric Love Hogs', NULL, NULL),
('Electric Würms', NULL, NULL),
('Elefant', NULL, NULL),
('Eleven', NULL, NULL),
('Ellison', NULL, NULL),
('Eloy Fritsch', NULL, NULL),
('Emancipator', NULL, NULL),
('Emil Werstler', NULL, NULL),
('Emílio Santiago', NULL, NULL),
('Enation (currently Jonathan Jackson + Enation)', NULL, NULL),
('Engenheiros Do Hawaii', '1985', NULL),
('Engine 88', NULL, NULL),
('Entertainment', NULL, NULL),
('EOTO', NULL, NULL),
('Erase Errata', NULL, NULL),
('Erasmo Carlos', NULL, NULL),
('Eric Dolphy', NULL, NULL),
('Eric Dover', NULL, NULL),
('Eric Erlandson', NULL, NULL),
('Eric Knight', NULL, NULL),
('Eric Singer', NULL, NULL),
('Eric Stenman', NULL, NULL),
('Erik Brann', NULL, NULL),
('Esmerine', NULL, NULL),
('Esprit D\'Air', NULL, NULL),
('Esther Phillips', NULL, NULL),
('Ethan Luck', NULL, NULL),
('Eumir Deodato', NULL, NULL),
('Evan Parker', NULL, NULL),
('Ever We Fall', NULL, NULL),
('Everything, Now!', NULL, NULL),
('Evil Beaver', NULL, NULL),
('Excepter', NULL, NULL),
('Exit Clov', NULL, NULL),
('Eye Empire', NULL, NULL),
('Ezra Furman and The Harpoons', NULL, NULL),
('Ezra Koenig', NULL, NULL),
('Fady Maalouf', NULL, NULL),
('Family', NULL, NULL),
('Fang Island', NULL, NULL),
('Faster Pussycat', NULL, NULL),
('Faun Fables', NULL, NULL),
('Felix Bloxsom', NULL, NULL),
('Fellini', NULL, NULL),
('FemBots', NULL, NULL),
('Fever Marlene', NULL, NULL),
('Fields of Aplomb', NULL, NULL),
('Filligar', NULL, NULL),
('Film School', NULL, NULL),
('Finch', NULL, NULL),
('First State', NULL, NULL),
('Fit For Rivals', NULL, NULL),
('Five Finger Death Punch', NULL, NULL),
('Five Star', NULL, NULL),
('Flashy Python', NULL, NULL),
('Fleetwood Mac', NULL, NULL),
('Flerte Fatal', NULL, NULL),
('Floored by Four', NULL, NULL),
('Flora Matos', NULL, NULL),
('Flora Purim', NULL, NULL),
('Florence and The Machine', '2007', NULL),
('Florence Welch', NULL, NULL),
('Flying Lotus', NULL, NULL),
('Fog', NULL, NULL),
('Fortune', NULL, NULL),
('Fourth Of July', NULL, NULL),
('Frances', NULL, NULL),
('Francisco el Hombre', NULL, NULL),
('François Tétaz', NULL, NULL),
('Frank Simes', NULL, NULL),
('Frank Wright', NULL, NULL),
('Frankie Banali', NULL, NULL),
('Frankie Emerson', NULL, NULL),
('Frankie Valli', NULL, NULL),
('Franky Perez', NULL, NULL),
('Fred Coury', NULL, NULL),
('Fred Fortin', NULL, NULL),
('Free Energy', NULL, NULL),
('French Kicks', NULL, NULL),
('Frog Eyes', NULL, NULL),
('FTampa', NULL, NULL),
('Fuel', NULL, NULL),
('Fun 100', NULL, NULL),
('Fun.', NULL, NULL),
('Fundo de Quintal', NULL, NULL),
('Further', NULL, NULL),
('Futuristic Polar Bears', NULL, NULL),
('Gal Costa', NULL, NULL),
('Galo Ochoa', NULL, NULL),
('Gary Peacock', NULL, NULL),
('Gary Pinto', NULL, NULL),
('Geggy Tah', NULL, NULL),
('Gene Page', NULL, NULL),
('Gentleman Reg', NULL, NULL),
('Geordie', NULL, NULL),
('George \"Spanky\" McCurdy', NULL, NULL),
('George \\\\Spanky\\\\ McCurdy', NULL, NULL),
('Georgi Kay', NULL, NULL),
('Geri X', NULL, NULL),
('Germans', NULL, NULL),
('Gerry Nestler', NULL, NULL),
('Ghost Machine', NULL, NULL),
('Giant Robot', NULL, NULL),
('Gibb-Galuten-Richardson', NULL, NULL),
('Gilby Clarke', NULL, NULL),
('Ginuwine', NULL, NULL),
('Girl', NULL, NULL),
('Girl Talk', NULL, NULL),
('Giuffria', NULL, NULL),
('Gladys Knight', NULL, NULL),
('Glen Campbell', NULL, NULL),
('Glen Sobel', NULL, NULL),
('Glint', NULL, NULL),
('Go Go Power Rangers', NULL, NULL),
('Gobotron', NULL, NULL),
('Golden Shoulders', NULL, NULL),
('Goldspot', NULL, NULL),
('Gonjasufi', NULL, NULL),
('Goodwen', NULL, NULL),
('Goon Moon', NULL, NULL),
('Gossip', NULL, NULL),
('Gov\'t Mule', NULL, NULL),
('Grace Potter', NULL, NULL),
('Gran Bel Fisher', NULL, NULL),
('Grand Archives', NULL, NULL),
('Grand Theft Bus', NULL, NULL),
('Grant Lee Buffalo', NULL, NULL),
('Great Northern', NULL, NULL),
('Green Go', NULL, NULL),
('Greg Davis', NULL, NULL),
('Greg Kurstin', NULL, NULL),
('Gregg Gillis', NULL, NULL),
('Gregory Rogove', NULL, NULL),
('Greta', NULL, NULL),
('Greylevel', NULL, NULL),
('Grizzly Bear', NULL, NULL),
('Grown Ups', NULL, NULL),
('GTA', NULL, NULL),
('Guns N\' Roses', '1985', NULL),
('Gus Monsanto', NULL, NULL),
('Gypsy Parade', NULL, NULL),
('Ha Ha Tonka', NULL, NULL),
('Halestorm', NULL, NULL),
('Hall & Oates', NULL, NULL),
('Hallelujah the Hills', NULL, NULL),
('Halloween, Alaska', NULL, NULL),
('Hamilton de Holanda', NULL, NULL),
('Handsome Furs', NULL, NULL),
('Hans Dulfer', NULL, NULL),
('Happyness', NULL, NULL),
('Hardwell', NULL, NULL),
('Harlem', NULL, NULL),
('Harley Flanagan', NULL, NULL),
('Harold O\'Neal', NULL, NULL),
('Harper Blynn', NULL, NULL),
('Harriet', NULL, NULL),
('Harry Slash & The Slashtones', NULL, NULL),
('Hat On, Drinking Wine', NULL, NULL),
('Head of Femur', NULL, NULL),
('Headlights', NULL, NULL),
('Headphones', NULL, NULL),
('Hear \'n Aid', NULL, NULL),
('Heart', NULL, NULL),
('Heartless Bastards', NULL, NULL),
('Heaven', NULL, NULL),
('Heavens', NULL, NULL),
('Heidi Gluck', NULL, NULL),
('Heidi Lynne Gluck', NULL, NULL),
('Hellion', NULL, NULL),
('Henri Fabergé and the Adorables', NULL, NULL),
('Henrik Janson', NULL, NULL),
('Henrik John Janson', NULL, NULL),
('Henry Fong', NULL, NULL),
('Her Majesty & the Wolves', NULL, NULL),
('Hey Mercedes', NULL, NULL),
('Hey Monday', NULL, NULL),
('Hobart Ocean', NULL, NULL),
('Hockey', NULL, NULL),
('Hole', NULL, NULL),
('Hollywood Monsters', NULL, NULL),
('Hollywood Rose', NULL, NULL),
('Hollywood Vampires', NULL, NULL),
('Holy Soldier', NULL, NULL),
('Honey Claws', NULL, NULL),
('Honk', NULL, NULL),
('Hoobastank', NULL, NULL),
('Hope Sandoval', NULL, NULL),
('Horace Parlan', NULL, NULL),
('Hot Little Rocket', NULL, NULL),
('Hot Panda', NULL, NULL),
('HotKid', NULL, NULL),
('House of Fools', NULL, NULL),
('House of Lords', NULL, NULL),
('Howie Day', NULL, NULL),
('HSAS', NULL, NULL),
('Human Drama', NULL, NULL),
('Human Waste Project', NULL, NULL),
('Hunter Hunted', NULL, NULL),
('Hunter Valentine', NULL, NULL),
('Hymns', NULL, NULL),
('I Would Set Myself on Fire for You', NULL, NULL),
('IAmDynamite', NULL, NULL),
('Ian Astbury', NULL, NULL),
('Ian McLagan', NULL, NULL),
('Icky Boyfriends', NULL, NULL),
('ICP Orchestra', NULL, NULL),
('Ilia', NULL, NULL),
('Ilya', NULL, NULL),
('Ilya Salmanzadeh', NULL, NULL),
('Immaculate Machine', NULL, NULL),
('Impellitteri', NULL, NULL),
('In Medias Res', NULL, NULL),
('Instruction', NULL, NULL),
('ionnalee', NULL, NULL),
('Ira!', NULL, NULL),
('Isabella Summers', NULL, NULL),
('Islands', NULL, NULL),
('Ivan Barias', NULL, NULL),
('Ivan Busic', NULL, NULL),
('Izzy Stradlin', NULL, NULL),
('J. T. Meirelles', NULL, NULL),
('J. Tillman', NULL, NULL),
('Jack and White', NULL, NULL),
('Jack Conte', NULL, NULL),
('Jacob Collier', NULL, NULL),
('Jacoby Shaddix', NULL, NULL),
('Jaggs', NULL, NULL),
('Jake E. Lee', NULL, NULL),
('Jakob Dylan', NULL, NULL),
('Jamelão', NULL, NULL),
('James B. Martin', NULL, NULL),
('James Blunt', NULL, NULL),
('James Hetfield', NULL, NULL),
('James Ingram', NULL, NULL),
('James LaBrie', NULL, NULL),
('James LoMenzo', NULL, NULL),
('James Michael', NULL, NULL),
('James Murphy', NULL, NULL),
('Jamie Laurie', NULL, NULL),
('Jamie N Commons', NULL, NULL),
('Jane Vain and the Dark Matter', NULL, NULL),
('Japandroids', NULL, NULL),
('Jared Lee Gosselin', NULL, NULL),
('Jason Freese', NULL, NULL),
('Jason Myles Goss', NULL, NULL),
('Jason Newsted', NULL, NULL),
('Jaws', NULL, NULL),
('Jay Malinowski', NULL, NULL),
('Jay Watson', NULL, NULL),
('JD Natasha', NULL, NULL),
('Jeff \"Gitty\" Gitelman', NULL, NULL),
('Jeff Angell', NULL, NULL),
('Jeff Gitelman', NULL, NULL),
('Jeff Hanson', NULL, NULL),
('Jeff Martin', NULL, NULL),
('Jeff Pehrson', NULL, NULL),
('Jeff Pilson', NULL, NULL),
('Jeff Watson', NULL, NULL),
('Jeffrey Luck Lucas', NULL, NULL),
('Jenn Grinels', NULL, NULL),
('Jeremy \"Guns\" Carson', NULL, NULL),
('Jeremy Gara', NULL, NULL),
('Jeremy Guns', NULL, NULL),
('Jeremy Messersmith', NULL, NULL),
('Jeremy Ylvisaker', NULL, NULL),
('Jerome Dillon', NULL, NULL),
('Jesse Shatkin', NULL, NULL),
('Jessica Delfino', NULL, NULL),
('Jesters of Destiny', NULL, NULL),
('Jewel', NULL, NULL),
('Jewelz & Sparks', NULL, NULL),
('Jill Scott', NULL, NULL),
('Jim Bryson', NULL, NULL),
('Jim Gillette', NULL, NULL),
('Jim Guthrie', NULL, NULL),
('Jim Martin', NULL, NULL),
('Jimmy Crespo', NULL, NULL),
('Jimmy D\'Anda', NULL, NULL),
('Jimmy London', NULL, NULL),
('Jimmy Lyons', NULL, NULL),
('Jimmy Ruffin', NULL, NULL),
('Jizzy Pearl', NULL, NULL),
('Joanna Pacitti', NULL, NULL),
('João Gilberto', NULL, NULL),
('João Neto & Frederico', NULL, NULL),
('Joe Chambers', NULL, NULL),
('Joe Perry', NULL, NULL),
('Joe Russo', NULL, NULL),
('Joe Trohman', NULL, NULL),
('Joe Walsh', NULL, NULL),
('Joey Castillo', NULL, NULL),
('Joey Dale', NULL, NULL),
('Joey Jordison', NULL, NULL),
('Joey Vera', NULL, NULL),
('John Avila', NULL, NULL),
('John Bush', NULL, NULL),
('John Coltrane', NULL, NULL),
('John Corabi', NULL, NULL),
('John Gilmore', NULL, NULL),
('John Kiffmeyer', NULL, NULL),
('John Marshall', NULL, NULL),
('John Ralston', NULL, NULL),
('John Sinclair', NULL, NULL),
('John Spence', NULL, NULL),
('John Tempesta', NULL, NULL),
('Johnny and the Moon', NULL, NULL),
('Johnny Colt', NULL, NULL),
('Johnny Crash', NULL, NULL),
('Johnny Rod', NULL, NULL),
('Joi', NULL, NULL),
('Jon Natchez', NULL, NULL),
('Jona Bechtolt', NULL, NULL),
('Jonah Cordy', NULL, NULL),
('Jonezetta', NULL, NULL),
('Jonny 5', NULL, NULL),
('José Pasillas', NULL, NULL),
('Josh Abraham', NULL, NULL),
('Josh Dun', NULL, NULL),
('Josh Freese', NULL, NULL),
('Josh Klinghoffer', NULL, NULL),
('Josh Lattanzi', NULL, NULL),
('Josh Todd', NULL, NULL),
('Joshua', NULL, NULL),
('Joshua Tillman', NULL, NULL),
('Jota Quest', NULL, NULL),
('JR JR', NULL, NULL),
('Juan Alderete', NULL, NULL),
('Judy Clay', NULL, NULL),
('Juice Newton', NULL, NULL),
('Julian Argüelles', NULL, NULL),
('Julian Calor', NULL, NULL),
('Juliette and the Licks', NULL, NULL),
('Justin Lassen', NULL, NULL),
('Kaiser Chiefs', NULL, NULL),
('Kane Roberts', NULL, NULL),
('Kanye West', '1996', NULL),
('Karen O', NULL, NULL),
('Karkwa', NULL, NULL),
('Karl Wolf', NULL, NULL),
('Karol Conká', '2002', NULL),
('Katie Rox', NULL, NULL),
('Katsu', NULL, NULL),
('Kay Kay and His Weathered Underground', NULL, NULL),
('Keel', NULL, NULL),
('Keith Howland', NULL, NULL),
('Kelis', NULL, NULL),
('Kelly LeMieux', NULL, NULL),
('Kenneth G', NULL, NULL),
('Kenny Kweens', NULL, NULL),
('Kenny Rogers', NULL, NULL),
('Kepler', NULL, NULL),
('Keri Kelli', NULL, NULL),
('Kevin Parker', NULL, NULL),
('Kevin Rudolf', NULL, NULL),
('Kid Abelha', NULL, NULL),
('Kid Chaos', NULL, NULL),
('Kid Choas', NULL, NULL),
('Kid Dakota', NULL, NULL),
('Kik Tracee', NULL, NULL),
('Kim Carnes', NULL, NULL),
('Kimbra', '2000', NULL),
('Kimono Draggin\'', NULL, NULL),
('Kinch Band', NULL, NULL),
('King Diamond', NULL, NULL),
('King Kobra', NULL, NULL),
('Kirk Hammett', NULL, NULL),
('Kiss', NULL, NULL),
('KLB', NULL, NULL),
('Kleerup', NULL, NULL),
('Kleiderman', NULL, NULL),
('Knacker', NULL, NULL),
('Koufax', NULL, NULL),
('Kurt James', NULL, NULL),
('Kyle Andrews', NULL, NULL),
('Kyros', NULL, NULL),
('L.A. Guns', NULL, NULL),
('L.A.X', NULL, NULL),
('L.A.X (musician)', NULL, NULL),
('Lääz Rockit', NULL, NULL),
('Lady Gaga', '2001', NULL),
('Ladyfinger (ne)', NULL, NULL),
('Ladyhawk', NULL, NULL),
('Laidback Luke', NULL, NULL),
('Lana Del Rey', '2005', NULL),
('Land of Talk', NULL, NULL),
('Language Room', NULL, NULL),
('Lapush', NULL, NULL),
('Larkin Grimm', NULL, NULL),
('Larry Byrom', NULL, NULL),
('Lars Ulrich', NULL, NULL),
('Laudir de Oliveira', NULL, NULL),
('Laudir Soares de Oliveira', NULL, NULL),
('Laurdine \\\\Pat\\\\ Patrick', NULL, NULL),
('Lauren Aquilina', NULL, NULL),
('Lawndale', NULL, NULL),
('Leather Charm', NULL, NULL),
('Leatherwolf', NULL, NULL),
('Lee DeWyze', NULL, NULL),
('Lee Loughnane', NULL, NULL),
('Lee Morgan', NULL, NULL),
('Legends Of Country', NULL, NULL),
('Legião Urbana', NULL, NULL),
('Leila Bela', NULL, NULL),
('Lemmy', NULL, NULL),
('Lemmy Kilmister', NULL, NULL),
('Lenine', NULL, NULL),
('Lenny Kravitz', NULL, NULL),
('Léo Magalhães', NULL, NULL),
('Leona Lewis', NULL, NULL),
('Les Variations', NULL, NULL),
('Let Go', NULL, NULL),
('Letuce', NULL, NULL),
('Liam O\'Neil', NULL, NULL),
('Life After Life', NULL, NULL),
('Lifehouse', NULL, NULL),
('Lightning Love', NULL, NULL),
('Lil Pappie', NULL, NULL),
('LiLi Roquelin', NULL, NULL),
('Lily Allen', NULL, NULL),
('Limp', NULL, NULL),
('LINE SPECTRA', NULL, NULL),
('Lita Ford', NULL, NULL),
('Little Angels', NULL, NULL),
('Little Caesar', NULL, NULL),
('Little Joy', NULL, NULL),
('Live My Last', NULL, NULL),
('Lizzie Grey', NULL, NULL),
('Lizzy Borden', NULL, NULL),
('Loaded', NULL, NULL),
('London', NULL, NULL),
('London After Midnight', NULL, NULL),
('London Grammar Kiah\'s band', NULL, NULL),
('London LeGrand', NULL, NULL),
('Longwave', NULL, NULL),
('Look Mexico', NULL, NULL),
('Lord Tracy', NULL, NULL),
('Lorde', '2009', NULL),
('Los Abandoned', NULL, NULL),
('Los Hermanos', NULL, NULL),
('Lotus Child', NULL, NULL),
('Lotus Eaters', NULL, NULL),
('Lou Reed', NULL, NULL),
('Louis Moholo', NULL, NULL),
('Louis XIV', NULL, NULL),
('Love/Hate', NULL, NULL),
('Loveable Rogues', NULL, NULL),
('Low vs Diamond', NULL, NULL),
('Luke Doucet', NULL, NULL),
('Lumi', NULL, NULL),
('Lying in States', NULL, NULL),
('Lykke Li', '2007', NULL),
('Lynam', NULL, NULL),
('Lynch Mob', NULL, NULL),
('M. Shadows', NULL, NULL),
('M.I.A.', NULL, NULL),
('Mac Davis', NULL, NULL),
('Machete Avenue', NULL, NULL),
('Macy Gray', NULL, NULL),
('Magic Weapon', NULL, NULL),
('Magneta Lane', NULL, NULL),
('Magnetic Morning', NULL, NULL),
('Major Maker', NULL, NULL),
('Make Believe', NULL, NULL),
('Malajube', NULL, NULL),
('Malcolm Young', NULL, NULL),
('Man in Gray', NULL, NULL),
('Manchester Orchestra', NULL, NULL),
('Manse', NULL, NULL),
('Mantra Sunrise', NULL, NULL),
('Maps & Atlases', NULL, NULL),
('Marc Benjamin', NULL, NULL),
('Marc Ford', NULL, NULL),
('Marcelo Camelo', NULL, NULL),
('Marcelo Falcão', NULL, NULL),
('Marco Castillo', NULL, NULL),
('Marco Mendoza', NULL, NULL),
('Marco Sabiu', NULL, NULL),
('Marco V', NULL, NULL),
('Margareth Menezes', NULL, NULL),
('Margot & the Nuclear So and So\'s', NULL, NULL),
('Maria Bethânia', '1960', NULL),
('Maria Gadú', NULL, NULL),
('Marika Hackman', NULL, NULL),
('Marilyn Manson', NULL, NULL),
('Mário Reis', NULL, NULL),
('Maritime', NULL, NULL),
('Mark Browning', NULL, NULL),
('Mark Evans', NULL, NULL),
('Mark McConnell', NULL, NULL),
('Mark Sixma', NULL, NULL),
('Mark St. John', NULL, NULL),
('Markus Dravs', NULL, NULL),
('Maroon 5', '1994', NULL),
('Marq Torien', NULL, NULL),
('Marty Casey', NULL, NULL),
('Marty Grebb', NULL, NULL),
('Mason Proper', NULL, NULL),
('Massari', NULL, NULL),
('Matanza', NULL, NULL),
('Math the Band', NULL, NULL),
('Matt Friction', NULL, NULL),
('Matt Hires', NULL, NULL),
('Matt Oliver', NULL, NULL),
('Matt Sorum', NULL, NULL),
('Matt Thorr', NULL, NULL),
('Mauro Refosco', NULL, NULL),
('Max Bemis', NULL, NULL),
('Max Martin', NULL, NULL),
('Maximum Bob', NULL, NULL),
('Maya Bond', NULL, NULL),
('Mayhaw Hoons', NULL, NULL),
('Mayssa Karaa', NULL, NULL),
('Mazzy Star', NULL, NULL),
('MC Kevinho', NULL, NULL),
('MC Lord Magrão', NULL, NULL),
('MC5', NULL, NULL),
('McLord Magrao', NULL, NULL),
('Me Talk Pretty', NULL, NULL),
('Meat Loaf', NULL, NULL),
('Medicine', NULL, NULL),
('Meen', NULL, NULL),
('Meese', NULL, NULL),
('Megadeth', NULL, NULL),
('Megaphone', NULL, NULL),
('Mêlée', NULL, NULL),
('Meleka', NULL, NULL),
('Melissa Reese', NULL, NULL),
('Mellow Down Easy', NULL, NULL),
('Melody Prochet', NULL, NULL),
('Melody\'s Echo Chamber', NULL, NULL),
('Mercenárias', NULL, NULL),
('Merck Mercuriadis', NULL, NULL),
('Mercury Rev', NULL, NULL),
('Mercyful Fate', NULL, NULL),
('Merit', NULL, NULL),
('Metallica', NULL, NULL),
('Metropolitan', NULL, NULL),
('MGMT', '2002', NULL),
('Michael Barbiero', NULL, NULL),
('Michael Benjamin Lerner', NULL, NULL),
('Michael Corcoran', NULL, NULL),
('Michael Grepp', NULL, NULL),
('Michael Jackson', NULL, NULL),
('Michael Landau', NULL, NULL),
('Michael Lee', NULL, NULL),
('Michael Olsen', NULL, NULL),
('Michael Peter Olsen', NULL, NULL),
('Michael Schenker', NULL, NULL),
('Mick Cripps', NULL, NULL),
('Mick Gallagher', NULL, NULL),
('Mick Mars', NULL, NULL),
('Mickey Lightfoot', NULL, NULL),
('Midnight Movies', NULL, NULL),
('Miguel Atwood-Ferguson', NULL, NULL),
('MIKA', '2006', NULL),
('Mike Chlasciak', NULL, NULL),
('Mike Clark', NULL, NULL),
('Mike Daly', NULL, NULL),
('Mike Dimkich', NULL, NULL),
('Mike Donovan', NULL, NULL),
('Mike Dupke', NULL, NULL),
('Mike Einziger', NULL, NULL),
('Mike Inez', NULL, NULL),
('Mike McCready', NULL, NULL),
('Mike Post', NULL, NULL),
('Milagres', NULL, NULL),
('Milford Graves', NULL, NULL),
('Mindy Smith', NULL, NULL),
('Minus the Bear', NULL, NULL),
('Miracle Fortress', NULL, NULL),
('Model Engine', NULL, NULL),
('Moments in Grace', NULL, NULL),
('Moneen', NULL, NULL),
('Monks of Doom', NULL, NULL),
('Mortimer Nova', NULL, NULL),
('Mostly Bears', NULL, NULL),
('Mother Mother', NULL, NULL),
('MOTi', NULL, NULL),
('Motive for Movement', NULL, NULL),
('Mötley Crüe', '1981', NULL),
('Motörhead', NULL, NULL),
('Motortrain', NULL, NULL),
('Mott the Hoople', NULL, NULL),
('Moving Units', NULL, NULL),
('Mr. Big', NULL, NULL),
('Ms. Lauryn Hill', NULL, NULL),
('Mt. St. Helens Vietnam Band', NULL, NULL),
('Muj', NULL, NULL),
('Murder Mystery', NULL, NULL),
('MX Machine', NULL, NULL),
('My Brightest Diamond', NULL, NULL),
('My Heart To Joy', NULL, NULL),
('My Morning Jacket', NULL, NULL),
('Mýa', NULL, NULL),
('Myles Kennedy', NULL, NULL),
('Naga MC', NULL, NULL),
('Nando Reis e Os Infernais', NULL, NULL),
('Nano', NULL, NULL),
('Nasi', NULL, NULL),
('Natalia Contesse', NULL, NULL),
('Native Korean Rock', NULL, NULL),
('Navet Confit', NULL, NULL),
('Ne-Yo', NULL, NULL),
('Nellie McKay', NULL, NULL),
('Nenhum de Nós', NULL, NULL),
('Newsted', NULL, NULL),
('Nicholas Thorburn', NULL, NULL),
('Nick Allbrook', NULL, NULL),
('Nick Falcon', NULL, NULL),
('Nick Jonas', NULL, NULL),
('Nick Perri', NULL, NULL),
('Nickey Alexander', NULL, NULL),
('Niels-Henning Ørsted Pedersen', NULL, NULL),
('Night Ranger', NULL, NULL),
('Nightmare of You', NULL, NULL),
('Nikki Sixx', NULL, NULL),
('Nine Mile', NULL, NULL),
('No Doubt', NULL, NULL),
('Noel Rosa', NULL, NULL),
('Norfolk & Western', NULL, NULL),
('North of America', NULL, NULL),
('Northern State', NULL, NULL),
('Noun', NULL, NULL),
('Novillero', NULL, NULL),
('Now, Now', NULL, NULL),
('Nox', NULL, NULL),
('O Rappa', NULL, NULL),
('Oakley Hall', NULL, NULL),
('Oberhofer', NULL, NULL),
('Oh Wonder', NULL, NULL),
('Okkervil River', NULL, NULL),
('Ola', NULL, NULL),
('Ola Svensson', NULL, NULL),
('Ole Beich', NULL, NULL),
('Om Unit', NULL, NULL),
('Om\'Mas Keith', NULL, NULL),
('One Direction', NULL, NULL),
('One for the Team', NULL, NULL),
('One Ring Zero', NULL, NULL),
('One-Eyed Doll', NULL, NULL),
('Ontronik \"Andy\" Khachaturian', NULL, NULL),
('Ontronik Khachaturian', NULL, NULL),
('Oranger', NULL, NULL),
('Orbe', NULL, NULL),
('Oscar Castro-Neves', NULL, NULL),
('Oslo', NULL, NULL),
('Oucho Sparks', NULL, NULL),
('Our Mercury', NULL, NULL),
('Overcast Off', NULL, NULL),
('Owl', NULL, NULL),
('Owls', NULL, NULL),
('Özlem Tekin', NULL, NULL),
('Ozzy Osbourne', NULL, NULL),
('P.O.D.', NULL, NULL),
('Pacific Air', NULL, NULL),
('pacificUV', NULL, NULL),
('Page and Plant', NULL, NULL),
('Pagoda', NULL, NULL),
('Paint', NULL, NULL),
('Paloma Faith', NULL, NULL),
('Pansy Division', NULL, NULL),
('Papa Wheelie', NULL, NULL),
('Paper Lions', NULL, NULL),
('Paper Route', NULL, NULL),
('Paramount Styles', NULL, NULL),
('Parenthetical Girls', NULL, NULL),
('Pat Patrick', NULL, NULL),
('Pato Fu', NULL, NULL),
('Patrick Carney', NULL, NULL),
('Patrick Muzingo', NULL, NULL),
('Patrick Warren', NULL, NULL),
('Paul Crook', NULL, NULL),
('Paul Green', NULL, NULL),
('Paul Shortino', NULL, NULL),
('Paul White', NULL, NULL),
('Pearl Jam', NULL, NULL),
('Pepper Keenan', NULL, NULL),
('Permanent Me', NULL, NULL),
('Pete Mazich', NULL, NULL),
('Pete Yorn', NULL, NULL),
('Peter Bjorn and John', NULL, NULL),
('Peter Brötzmann', NULL, NULL),
('Peter Cetera', NULL, NULL),
('Peter Frampton', NULL, NULL),
('Phantom Blue', NULL, NULL),
('Phenomenal Handclap Band', NULL, NULL),
('Phil Lesh and Friends', NULL, NULL),
('Phil Lewis', NULL, NULL),
('Phil Rudd', NULL, NULL),
('Pigeon Religion', NULL, NULL),
('Pilot Speed', NULL, NULL),
('Pilot to Gunner', NULL, NULL),
('Pilotdrift', NULL, NULL),
('Pink', '1995', NULL),
('Pink Anvil', NULL, NULL),
('Pink Mountaintops', NULL, NULL),
('Pit er Pat', NULL, NULL),
('Pitty', '1995', NULL),
('Pity Sex', NULL, NULL),
('Pixie Lott', NULL, NULL),
('Plants and Animals', NULL, NULL),
('Plebe Rude', NULL, NULL),
('Pmtoday', NULL, NULL),
('Pocket Symphonies', NULL, NULL),
('Poison', NULL, NULL),
('Pomplamoose', NULL, NULL),
('Pond', NULL, NULL),
('Pond Monkeys', NULL, NULL),
('Poperratic', NULL, NULL),
('Porno for Pyros', NULL, NULL),
('Port O\'Brien', NULL, NULL),
('Pretty Boy Floyd', NULL, NULL),
('Prick', NULL, NULL),
('Primal Scream', NULL, NULL),
('Prince Royce', NULL, NULL),
('Proxies', NULL, NULL),
('PS I Love You', NULL, NULL),
('Psychic Emperor', NULL, NULL),
('Pure Love', NULL, NULL),
('Put The Rifle Down', NULL, NULL),
('Q5', NULL, NULL),
('Quetzal', NULL, NULL),
('Quiet Riot', NULL, NULL),
('Quintino', NULL, NULL),
('R3hab', NULL, NULL),
('Ra Ra Riot', NULL, NULL),
('Rabih Jaber', NULL, NULL),
('Raça Negra', NULL, NULL),
('Racer X', NULL, NULL),
('Rachel Trachtenburg', NULL, NULL),
('Rademacher', NULL, NULL),
('Radio America', NULL, NULL),
('Rah Rah', NULL, NULL),
('Ralph Sae', NULL, NULL),
('Ralph Saenz', NULL, NULL),
('Ralph Santolla', NULL, NULL),
('Ralvero', NULL, NULL),
('Randy Castillo', NULL, NULL),
('Randy Piper', NULL, NULL),
('Raphael Saadiq', NULL, NULL),
('Raphaelle Standell-Preston', NULL, NULL),
('Rapidfire', NULL, NULL),
('Ras G', NULL, NULL),
('Ratt', NULL, NULL),
('Rattlebone', NULL, NULL),
('Raymond Herrera', NULL, NULL),
('Reação Em Cadeia', NULL, NULL),
('Recover', NULL, NULL),
('Red Baron', NULL, NULL),
('Red House Painters', NULL, NULL),
('Red Temple Spirits', NULL, NULL),
('Reggie Workman', NULL, NULL),
('Régine Alexandra Chassagne', NULL, NULL),
('Régine Chassagne', NULL, NULL),
('Republic of Safety', NULL, NULL),
('Reverie Sound Revue', NULL, NULL),
('Rhino Bucket', NULL, NULL),
('Richard Fortus', NULL, NULL),
('Richard Marx', NULL, NULL),
('Richard Parry', NULL, NULL),
('Richard Reed Parry', NULL, NULL),
('Richii', NULL, NULL),
('Rick Rubin', NULL, NULL),
('Rick Stitch', NULL, NULL),
('Right Away, Great Captain!', NULL, NULL),
('Rihanna', '2003', NULL),
('Rik Fox', NULL, NULL),
('Ringo Starr & His All-Starr Band', NULL, NULL),
('Rita Lee', NULL, NULL),
('Riverdogs', NULL, NULL),
('Rob \"Blasko\" Nicholson', NULL, NULL),
('Rob De Luca', NULL, NULL),
('Rob Gardner', NULL, NULL),
('Rob Nicholson', NULL, NULL),
('Rob Zombie', NULL, NULL),
('Robbers on High Street', NULL, NULL),
('Robbie Crane', NULL, NULL),
('Robert DeLeo', NULL, NULL),
('Robert Gomez', NULL, NULL),
('Robert Jarzombek', NULL, NULL),
('Robert Lamm', NULL, NULL),
('Robert Plant', NULL, NULL),
('Robert Stoddard', NULL, NULL),
('Robert Trujillo', NULL, NULL),
('Robert Venable', NULL, NULL),
('Roberto Carlos', NULL, NULL),
('Robin Finck', NULL, NULL),
('Robyn', NULL, NULL),
('Rock Plaza Central', NULL, NULL),
('Rock Star Supernova', NULL, NULL),
('Rod Stewart', NULL, NULL),
('Rogue Wave', NULL, NULL),
('Romeo Antonio', NULL, NULL),
('Ron \"Bumblefoot\" Thal', NULL, NULL),
('Ron McGovney', NULL, NULL),
('Ron \\\\Bumblefoot\\\\ Thal', NULL, NULL),
('Rory', NULL, NULL),
('Rosemary\'s Billygoat', NULL, NULL),
('Roswell Rudd', NULL, NULL),
('Rough Cutt', NULL, NULL),
('Roul and Doors', NULL, NULL),
('Roy Campbell Jr.', NULL, NULL),
('Roy Campbell, Jr.', NULL, NULL),
('Royal City', NULL, NULL),
('RPM Orchestra', NULL, NULL),
('RRIICCEE', NULL, NULL),
('Rush', NULL, NULL),
('Russ Irwin', NULL, NULL),
('Russ Parrish', NULL, NULL),
('Russell Parrish', NULL, NULL),
('Ryan Dusick', NULL, NULL),
('Ryan Guldemond', NULL, NULL),
('Ryland Bouchard', NULL, NULL),
('Saadat Awan', NULL, NULL),
('Sabrosa Purr', NULL, NULL),
('Saints and Lovers', NULL, NULL),
('Saints of the Underground', NULL, NULL),
('Sam Martin', NULL, NULL),
('Sam Rivers', NULL, NULL),
('Sam Roberts', NULL, NULL),
('Samantha Maloney', NULL, NULL),
('Samuel Rosa', NULL, NULL),
('Sandra de Sá', NULL, NULL),
('Sarah McLachlan', NULL, NULL),
('Sarah Neufeld', NULL, NULL),
('Sarah Solovay', NULL, NULL),
('Savage Grace', NULL, NULL),
('Savoy Brown', NULL, NULL),
('Say No More', NULL, NULL),
('Scarling.', NULL, NULL),
('School of Seven Bells', NULL, NULL),
('Scissors For Lefty', NULL, NULL),
('Scorpions', NULL, NULL),
('Scott Ford', NULL, NULL),
('Scott Garrett', NULL, NULL),
('Scott Griffin', NULL, NULL),
('Scott Jacoby', NULL, NULL),
('Scott Sorry', NULL, NULL),
('Scott Storch', NULL, NULL),
('Scott Travis', NULL, NULL),
('Scott Weiland', NULL, NULL),
('Sea Hags', NULL, NULL),
('Sea Wolf', NULL, NULL),
('Sean Danielsen', NULL, NULL),
('Sean Lennon', NULL, NULL),
('Sean McNabb', NULL, NULL),
('Search the City', NULL, NULL),
('Sebastian  Bach', NULL, NULL),
('Sebastian Bach', NULL, NULL),
('Sebastopol', NULL, NULL),
('Seekonk', NULL, NULL),
('Sempre Livre', NULL, NULL),
('Seneca Hawk', NULL, NULL),
('Sense Field', NULL, NULL),
('Serena Ryder', NULL, NULL),
('Sérgio Mendes', NULL, NULL),
('Serj Tankian', NULL, NULL),
('Setting Sun', NULL, NULL),
('Seven Car Pileup', NULL, NULL),
('Seville', NULL, NULL),
('Shadow King', NULL, NULL),
('Shadow Project', NULL, NULL),
('Shark Island', NULL, NULL),
('Shaun Lopez', NULL, NULL),
('Shavarsh (Shavo) Odadjian', NULL, NULL),
('Shavo Odadjian', NULL, NULL),
('Sheena Easton', NULL, NULL),
('Shellback', NULL, NULL),
('Shilpa Ray', NULL, NULL),
('Shinobu', NULL, NULL),
('Shiny Joe Ryan', NULL, NULL),
('Shotgun & Jaybird', NULL, NULL),
('Shotgun Messiah', NULL, NULL),
('Shout Out Louds', NULL, NULL),
('Shuree', NULL, NULL),
('Sib Hashian', NULL, NULL),
('Sick Individuals', NULL, NULL),
('Silva', NULL, NULL),
('Silversun Pickups', NULL, NULL),
('Simone Bittencourt de Oliveira', NULL, NULL),
('Sin City Sinners', NULL, NULL),
('Sin Division', NULL, NULL),
('Sinéad Harnett', NULL, NULL),
('Single File', NULL, NULL),
('Sintanic', NULL, NULL),
('Sir Rod Stewart', NULL, NULL),
('SIRIS', NULL, NULL),
('Sister', NULL, NULL),
('Sister Sparrow & the Dirty Birds', NULL, NULL),
('Six Magics', NULL, NULL),
('Sixx:A.M.', NULL, NULL),
('Skank', NULL, NULL),
('Skeletonbreath', NULL, NULL),
('Skid Row', NULL, NULL),
('Skitzo (Metal)', NULL, NULL),
('Skrillex', NULL, NULL),
('Slash', NULL, NULL),
('Slash\'s Blues Ball', NULL, NULL),
('Slash\'s Snakepit', NULL, NULL),
('Slipknot', NULL, NULL),
('Slow Gherkin', NULL, NULL),
('Slowcoaster', NULL, NULL),
('Slutterhouse', NULL, NULL),
('Small Black', NULL, NULL),
('Smile Smile', NULL, NULL),
('SNEW', NULL, NULL),
('Soft', NULL, NULL),
('Sol Invicto', NULL, NULL),
('Solomon Burke', NULL, NULL),
('Solovay', NULL, NULL),
('Son, Ambulance', NULL, NULL),
('Sorcery', NULL, NULL),
('Sore Eros', NULL, NULL),
('Sorry and the Sinatras', NULL, NULL),
('Souls of We', NULL, NULL),
('Sound Barrier', NULL, NULL),
('Sound of Contact', NULL, NULL),
('Soundpool', NULL, NULL),
('South Cry', NULL, NULL),
('Spain', NULL, NULL),
('Sparta', NULL, NULL),
('Spencer Krug', NULL, NULL),
('Spiders & Snakes', NULL, NULL),
('Spindrift', NULL, NULL),
('Spinnerette', NULL, NULL),
('Spiral Beach', NULL, NULL),
('Spirits Burning', NULL, NULL),
('Splashh', NULL, NULL),
('Spread Eagle', NULL, NULL),
('Sproll', NULL, NULL),
('SS Cardiacs', NULL, NULL),
('St. Lenox', NULL, NULL),
('Stacey Blades', NULL, NULL),
('Staind', NULL, NULL),
('Stardeath and White Dwarfs', NULL, NULL),
('Starflyer 59', NULL, NULL),
('Stars in Stereo', NULL, NULL),
('Stars Like Fleas', NULL, NULL),
('Startisan', NULL, NULL),
('Steel Train', NULL, NULL),
('Steeler', NULL, NULL),
('Stepdad', NULL, NULL),
('Steph Honde', NULL, NULL),
('Stephen Stills', NULL, NULL),
('Stereolab', NULL, NULL),
('Stet Howland', NULL, NULL),
('Steve DiGiorgio', NULL, NULL),
('Steve Lacy', NULL, NULL),
('Steve Lambke', NULL, NULL),
('Steve Perry', NULL, NULL),
('Steve Riley', NULL, NULL),
('Steve Robson', NULL, NULL),
('Steve Stevens', NULL, NULL),
('Steven Adler', NULL, NULL),
('Stevie Young', NULL, NULL),
('Still Life Still', NULL, NULL),
('Stone Temple Pilots', NULL, NULL),
('Stooshe', NULL, NULL),
('Stress', NULL, NULL),
('Subtle', NULL, NULL),
('Suffrajett', NULL, NULL),
('Sugartooth', NULL, NULL),
('Suit of Lights', NULL, NULL),
('Sultan + Shepard', NULL, NULL),
('Sun Ra', NULL, NULL),
('Sunset Rubdown', NULL, NULL),
('Sunshine Becker', NULL, NULL),
('Supla', NULL, NULL),
('Surfer Blood', NULL, NULL),
('Surrender to the Air', NULL, NULL),
('Swati', NULL, NULL),
('Swati Sharma', NULL, NULL),
('Swim Deep', NULL, NULL),
('Swords', NULL, NULL),
('Sylvie', NULL, NULL),
('Take That', NULL, NULL),
('Tame Impala', NULL, NULL),
('Tapes \'n Tapes', NULL, NULL),
('Tay Zonday', NULL, NULL),
('Taylor Rhodes', NULL, NULL),
('Taylor Swift', NULL, NULL),
('Tchê Chaleira', NULL, NULL),
('Tearjerker', NULL, NULL),
('Tegan and Sara', NULL, NULL),
('Telekinesis', NULL, NULL),
('Teleman', NULL, NULL),
('Temple of the Dog', NULL, NULL),
('Tenacious D', NULL, NULL),
('Tenth Avenue North', NULL, NULL),
('Tenth of May', NULL, NULL),
('Teri DeSario', NULL, NULL),
('Terry Kath', NULL, NULL),
('Terry Reid', NULL, NULL),
('Tesla', NULL, NULL),
('Test Icicles', NULL, NULL),
('Thalles', NULL, NULL),
('Thanksgiving', NULL, NULL),
('That Dog', NULL, NULL),
('The \'89 Cubs', NULL, NULL),
('The 2 Bears', NULL, NULL),
('The A-Sides', NULL, NULL),
('The A.K.A.s', NULL, NULL),
('The Acorn', NULL, NULL),
('The Airborne Toxic Event', NULL, NULL),
('The All-Girl Boys Choir', NULL, NULL),
('The Antlers', NULL, NULL),
('The Beach Boys', NULL, NULL),
('The Besnard Lakes', NULL, NULL),
('The Big F', NULL, NULL),
('The Big Friendly Corporation', NULL, NULL),
('The Big Sleep', NULL, NULL),
('The Black and White Years', NULL, NULL),
('The Black Crowes', NULL, NULL),
('The Blakes', NULL, NULL),
('The Boggs', NULL, NULL),
('The Books', NULL, NULL),
('The Bravery', NULL, NULL),
('The Breeders', NULL, NULL),
('The Brian Jonestown Massacre', NULL, NULL),
('The Broken West', NULL, NULL),
('The Buttless Chaps', NULL, NULL),
('The Candles', NULL, NULL),
('The Cape May', NULL, NULL),
('The Capricorns', NULL, NULL),
('The Caribbean', NULL, NULL),
('The Cassettes', NULL, NULL),
('The Caulfield Sisters', NULL, NULL),
('The Cave Singers', NULL, NULL),
('The Ceremonies', NULL, NULL),
('The City Streets', NULL, NULL),
('The Coast', NULL, NULL),
('The Color Fred', NULL, NULL),
('The Color Turning', NULL, NULL),
('The Consumer Goods', NULL, NULL),
('The Cult', NULL, NULL),
('The Dead Daisies', NULL, NULL),
('The Deadly Snakes', NULL, NULL),
('The Dear Hunter', NULL, NULL),
('The Deathray Davies', NULL, NULL),
('The Desert Sessions', NULL, NULL),
('The Details', NULL, NULL),
('The Diableros', NULL, NULL),
('The Dirty Tricks', NULL, NULL),
('The Divine Madness', NULL, NULL),
('The Dogs D\'Amour', NULL, NULL),
('The Doobie Brothers', NULL, NULL),
('The Downtown Fiction', NULL, NULL),
('The Ducks', NULL, NULL),
('The Dudes', NULL, NULL),
('The Eastern Sea', NULL, NULL),
('The Elected', NULL, NULL),
('The Elwins', NULL, NULL),
('The Envy Corps', NULL, NULL),
('The Ettes', NULL, NULL),
('The Evens', NULL, NULL),
('The Ex-Kings', NULL, NULL),
('The Family Crest', NULL, NULL),
('The Family Rain', NULL, NULL),
('The Feddens', NULL, NULL),
('The Fiery Furnaces', NULL, NULL),
('The Fire Theft', NULL, NULL),
('The Firm', NULL, NULL),
('The Flaming Lips', NULL, NULL),
('The Flys', NULL, NULL),
('The Fold', NULL, NULL),
('The Forms', NULL, NULL),
('The Four Horsemen', NULL, NULL),
('The Four Hundred', NULL, NULL),
('The Framework', NULL, NULL),
('The Frequency', NULL, NULL),
('The Ghost Is Dancing', NULL, NULL),
('The God Machine', NULL, NULL),
('The Golden Dogs', NULL, NULL),
('The Golden Seals', NULL, NULL),
('The Gone Jackals', NULL, NULL),
('The Good Life', NULL, NULL),
('The Hard Lessons', NULL, NULL),
('The Heavy Circles', NULL, NULL),
('The Helio Sequence', NULL, NULL),
('The Hidden Cameras', NULL, NULL),
('The High Dials', NULL, NULL),
('The Hippos', NULL, NULL),
('The History of Apple Pie', NULL, NULL),
('The Horrors', NULL, NULL),
('The Hourly Radio', NULL, NULL),
('The Hugh Dillon Redemption Choir', NULL, NULL),
('The Hush Sound', NULL, NULL),
('The Hylozoists', NULL, NULL),
('The J. Geils Band', NULL, NULL),
('The Jealous Sound', NULL, NULL),
('The Jimi Hendrix Experience', NULL, NULL),
('The Jimmy Swift Band', NULL, NULL),
('The Joe Perry Project', NULL, NULL),
('The Joggers', NULL, NULL),
('The Junction', NULL, NULL),
('The Kickback', NULL, NULL),
('The Killer and the Star', NULL, NULL),
('The Kills', NULL, NULL),
('The Kingsbury Manx', NULL, NULL),
('The Knux', NULL, NULL),
('The Library is on Fire', NULL, NULL),
('The Like Young', NULL, NULL),
('The Lookie Loos', NULL, NULL),
('The Lovely Feathers', NULL, NULL),
('The Lovely Sparrows', NULL, NULL),
('The Luka State', NULL, NULL),
('The Luyas', NULL, NULL),
('The Maccabees', NULL, NULL),
('The Magic Magicians', NULL, NULL),
('The Main Drag', NULL, NULL),
('The Manvils', NULL, NULL),
('The Meligrove Band', NULL, NULL),
('The Missionary Position', NULL, NULL),
('The Monolators', NULL, NULL),
('The Most Serene Republic', NULL, NULL),
('The Mother Hips', NULL, NULL),
('The Motion Sick', NULL, NULL),
('The National', NULL, NULL),
('The Natural History', NULL, NULL),
('The Nein', NULL, NULL),
('The New Amsterdams', NULL, NULL),
('The New Mexicans', NULL, NULL),
('The New Pornographers', NULL, NULL),
('The New Year', NULL, NULL),
('The Nice Device', NULL, NULL),
('The Octopus Project', NULL, NULL),
('The Oranges Band', NULL, NULL),
('The Outpatience', NULL, NULL),
('The Pack A.D.', NULL, NULL),
('The Paperbacks', NULL, NULL),
('The Party Boys', NULL, NULL),
('The Perpetrators', NULL, NULL),
('The Polyamorous Affair', NULL, NULL),
('The Ponys', NULL, NULL),
('The Pop Culture Suicides', NULL, NULL),
('The Pseudo Dates', NULL, NULL),
('The Queen Killing Kings', NULL, NULL),
('The Quireboys', NULL, NULL),
('The Rapture', NULL, NULL),
('The Reason', NULL, NULL),
('The Redwalls', NULL, NULL),
('The Reign of Kindo', NULL, NULL),
('The Rembrandts', NULL, NULL),
('The Ropes', NULL, NULL),
('The Rosebuds', NULL, NULL),
('The Rua', NULL, NULL),
('The Scarlet Ending', NULL, NULL),
('The Scream', NULL, NULL),
('The Selmanaires', NULL, NULL),
('The Sessions', NULL, NULL),
('The Shelters', NULL, NULL),
('The Shivers', NULL, NULL),
('The Shreds', NULL, NULL),
('The Silents', NULL, NULL),
('The Siren Six!', NULL, NULL),
('The Static Jacks', NULL, NULL),
('The Stepkids', NULL, NULL),
('The Stills', NULL, NULL),
('The Stolen Minks', NULL, NULL),
('The Storm', NULL, NULL),
('The Submarines', NULL, NULL),
('The Sugarplastic', NULL, NULL),
('The Suicide Dolls', NULL, NULL),
('The Summer Obsession', NULL, NULL),
('The Sweet Inspirations', NULL, NULL),
('The Terrible Twos', NULL, NULL),
('The Thermals', NULL, NULL),
('The Tom Fun Orchestra', NULL, NULL),
('The Twilight Singers', NULL, NULL),
('The Undeserving', NULL, NULL),
('The Unicorns', NULL, NULL),
('The Unintended', NULL, NULL),
('The Velvet Teen', NULL, NULL),
('The Vermicious Knid', NULL, NULL),
('The Very Best', NULL, NULL),
('The Virgins', NULL, NULL),
('The Vulcan Dub Squad', NULL, NULL),
('The Vultures', NULL, NULL),
('The Walkmen', NULL, NULL),
('The Wanton Bishops', NULL, NULL),
('The Weakerthans', NULL, NULL),
('The Wet Secrets', NULL, NULL),
('The Who', NULL, NULL),
('The Wild Things', NULL, NULL),
('The Wildhearts', NULL, NULL),
('The Wind', NULL, NULL),
('The Wondergirls', NULL, NULL),
('The XYZ Affair', NULL, NULL),
('Thee Heavenly Music Association', NULL, NULL),
('Thee More Shallows', NULL, NULL),
('Thee Silver Mt. Zion Memorial Orchestra', NULL, NULL),
('Therefore I Am', NULL, NULL),
('Thiago Pethit', NULL, NULL),
('Thin Lizzy', NULL, NULL),
('Thin White Rope', NULL, NULL),
('Think About Life', NULL, NULL),
('Third Eye Blind', NULL, NULL),
('This Day and Age', NULL, NULL),
('This Providence', NULL, NULL),
('Thomas Newson', NULL, NULL),
('Three Mile Pilot', NULL, NULL),
('Thrift Store Cowboys', NULL, NULL),
('Tieks', NULL, NULL),
('Tiffany Giardina', NULL, NULL),
('Tihuana', NULL, NULL),
('Tilly and the Wall', NULL, NULL),
('Tim Feehan', NULL, NULL),
('Tim Fletcher', NULL, NULL),
('Tim Kingsbury', NULL, NULL),
('Tim Maia', '1956', NULL),
('Time to Fly', NULL, NULL),
('Timothy Drury', NULL, NULL),
('Tiny Hawks', NULL, NULL),
('TJR', NULL, NULL),
('To My Surprise', NULL, NULL),
('Tod Howarth', NULL, NULL),
('Todd Kerns', NULL, NULL),
('Tokyo Blade', NULL, NULL),
('Tokyo Police Club', NULL, NULL),
('Tom & Jame', NULL, NULL),
('Tom Hamilton', NULL, NULL),
('Tom Keifer', NULL, NULL),
('Tom Petty and the Heartbreakers', NULL, NULL),
('Tom Waits', NULL, NULL),
('Tom Wilson', NULL, NULL),
('Tommy Henriksen', NULL, NULL),
('Tommy Lee', NULL, NULL),
('Tomorrow´s Child', NULL, NULL),
('Tony Currenti', NULL, NULL),
('Tony Kanal', NULL, NULL),
('Tony Oxley', NULL, NULL),
('Tony Palermo', NULL, NULL),
('Tony Richards', NULL, NULL),
('Tony! Toni! Toné!', NULL, NULL),
('Tormé', NULL, NULL),
('Toto', NULL, NULL),
('Tracii Guns', NULL, NULL),
('Tracker', NULL, NULL),
('Transistor Sound & Lighting Co.', NULL, NULL),
('Transmit Now', NULL, NULL),
('Tribe of Gypsies', NULL, NULL),
('Tribes', NULL, NULL),
('Tricky Woo', NULL, NULL),
('Truth Hurts', NULL, NULL),
('Tsunami', NULL, NULL),
('Tuff', NULL, NULL),
('Turma do Pagode', NULL, NULL),
('Tweaker', NULL, NULL),
('Twenty One Pilots', '2009', NULL),
('Twinemen', NULL, NULL),
('Two Hours Traffic', NULL, NULL),
('Tytan', NULL, NULL),
('U2', NULL, NULL),
('Überschall', NULL, NULL),
('Udora', NULL, NULL),
('Ugly Kid Joe', NULL, NULL),
('Uh Huh Her', NULL, NULL),
('Ulrika Spacek', NULL, NULL),
('Umbrellas', NULL, NULL),
('Underground Sound of Lisbon', NULL, NULL),
('Union', NULL, NULL),
('Vacuity', NULL, NULL),
('Vain', NULL, NULL),
('Valerie Jodoin Keaton', NULL, NULL),
('Van Conner', NULL, NULL),
('Vells (band)', NULL, NULL),
('Velvet Revolver', NULL, NULL),
('Venefica', NULL, NULL),
('Vetiver', NULL, NULL),
('Vicetone', NULL, NULL),
('Vicious Rumors', NULL, NULL),
('Vince Kidd', NULL, NULL),
('Vince Neil', NULL, NULL),
('Vinyl Williams', NULL, NULL),
('Violeta de Outono', NULL, NULL),
('Viper', NULL, NULL),
('Visible from Space', NULL, NULL),
('Viva Saturn', NULL, NULL),
('Vixen', NULL, NULL),
('Vondelpark', NULL, NULL),
('W.A.S.P.', NULL, NULL),
('Walking Papers', NULL, NULL),
('Walt Dickerson', NULL, NULL),
('Warren Zevon', NULL, NULL),
('Warrior', NULL, NULL),
('Water Knot', NULL, NULL),
('Way to Go, Einstein', NULL, NULL),
('Wayne Petti', NULL, NULL),
('We All Have Hooks For Hands', NULL, NULL),
('We Are Harlot', NULL, NULL),
('We Are Loud!', NULL, NULL),
('We Are Wolves', NULL, NULL),
('We Barbarians', NULL, NULL),
('We the Kings', NULL, NULL),
('We the Living', NULL, NULL),
('Weezer', NULL, NULL),
('Wesley Safadão', '2007', NULL),
('West Arkeen', NULL, NULL),
('Westlife', NULL, NULL),
('White Lung', NULL, NULL),
('White Noise Owl', NULL, NULL),
('White Rabbits', NULL, NULL),
('Whitesnake', NULL, NULL),
('Whitfield', NULL, NULL),
('Whitfield Crane', NULL, NULL),
('Widowspeak', NULL, NULL),
('Wilbur Little', NULL, NULL),
('Wild Light', NULL, NULL),
('Will Butler', NULL, NULL),
('Will Currie & The Country French', NULL, NULL),
('Will Hunt', NULL, NULL),
('Will Kidman', NULL, NULL),
('William Butler', NULL, NULL),
('William Parker', NULL, NULL),
('Willie Basse', NULL, NULL),
('Wilson Pickett', NULL, NULL),
('Winter Equinox', NULL, NULL),
('Winter Rose', NULL, NULL),
('Winterpills', NULL, NULL),
('Wintersleep', NULL, NULL);
INSERT INTO `artista` (`Nome`, `anoInicio`, `Imagem`) VALUES
('Wirepony', NULL, NULL),
('Wiretree', NULL, NULL),
('Wolf Alice', NULL, NULL),
('Wolf Parade', NULL, NULL),
('Wolfmother', NULL, NULL),
('Wolfpack', NULL, NULL),
('Woodhands', NULL, NULL),
('Woody Shaw', NULL, NULL),
('World Blanket', NULL, NULL),
('Wrong Plane', NULL, NULL),
('X Japan', NULL, NULL),
('X-Sinner', NULL, NULL),
('XYZ', NULL, NULL),
('Y&T', NULL, NULL),
('Yaaks', NULL, NULL),
('Yak', NULL, NULL),
('Yeah Yeah Yeahs', NULL, NULL),
('Years & Years', NULL, NULL),
('Yellow Claw', NULL, NULL),
('Yellow Swans', NULL, NULL),
('Yip-Yip', NULL, NULL),
('You Say Party', NULL, NULL),
('Young Love', NULL, NULL),
('Yukon Blonde', NULL, NULL),
('Zac Baird', NULL, NULL),
('Zach Baird', NULL, NULL),
('Zander Bleck', NULL, NULL),
('Zeca Pagodinho', '1978', NULL),
('Zélia Duncan', NULL, NULL),
('Zero', NULL, NULL),
('Zodiac Mindwarp and the Love Reaction', NULL, NULL),
('Zolof the Rock & Roll Destroyer', NULL, NULL),
('Æon Spoke', NULL, NULL),
('Շավարշ Օդաջյան', NULL, NULL),
('赛日', NULL, NULL);

-- --------------------------------------------------------

--
-- Estrutura da tabela `associado`
--

CREATE TABLE `associado` (
  `A` varchar(64) NOT NULL,
  `B` varchar(64) NOT NULL
) ENGINE=InnoDB DEFAULT CHARSET=utf8 ROW_FORMAT=COMPACT;

--
-- Extraindo dados da tabela `associado`
--

INSERT INTO `associado` (`A`, `B`) VALUES
('4 Non Blondes', '21 Guns'),
('4 Non Blondes', 'Aaron A. Brooks'),
('4 Non Blondes', 'Adam Willard'),
('4 Non Blondes', 'Aimee Echo'),
('4 Non Blondes', 'Aimee Miller'),
('4 Non Blondes', 'Alex Greenwald'),
('4 Non Blondes', 'Andrew Champion'),
('4 Non Blondes', 'Asphalt Ballet'),
('4 Non Blondes', 'Atom Willard'),
('4 Non Blondes', 'Aztlan Underground'),
('4 Non Blondes', 'Bad English'),
('4 Non Blondes', 'Bad Radio'),
('4 Non Blondes', 'Bamboo Mañalac'),
('4 Non Blondes', 'Bang Tango'),
('4 Non Blondes', 'Bracket'),
('4 Non Blondes', 'Brent Muscat'),
('4 Non Blondes', 'Brian Reitzell'),
('4 Non Blondes', 'Cedric Bixler-Zavala'),
('4 Non Blondes', 'Chalk FarM'),
('4 Non Blondes', 'CHARLOTTE'),
('4 Non Blondes', 'Craig Fairbaugh'),
('4 Non Blondes', 'Dada'),
('4 Non Blondes', 'Damn Yankees'),
('4 Non Blondes', 'Dan the Automator'),
('4 Non Blondes', 'Dan Vickrey'),
('4 Non Blondes', 'Deconstruction'),
('4 Non Blondes', 'Dirty Looks'),
('4 Non Blondes', 'Dishwalla'),
('4 Non Blondes', 'Djam Karet'),
('4 Non Blondes', 'earthlings?'),
('4 Non Blondes', 'East West'),
('4 Non Blondes', 'Eddie Solis'),
('4 Non Blondes', 'Eddie St. James'),
('4 Non Blondes', 'Eddie Vedder'),
('4 Non Blondes', 'Ednaswap'),
('4 Non Blondes', 'Edward Vincent St.James'),
('4 Non Blondes', 'Electric Love Hogs'),
('4 Non Blondes', 'Eleven'),
('4 Non Blondes', 'Engine 88'),
('4 Non Blondes', 'Eric Erlandson'),
('4 Non Blondes', 'Eric Stenman'),
('4 Non Blondes', 'Ethan Luck'),
('4 Non Blondes', 'Further'),
('4 Non Blondes', 'Galo Ochoa'),
('4 Non Blondes', 'Geggy Tah'),
('4 Non Blondes', 'Glen Sobel'),
('4 Non Blondes', 'Gonjasufi'),
('4 Non Blondes', 'Grant Lee Buffalo'),
('4 Non Blondes', 'Greta'),
('4 Non Blondes', 'Hole'),
('4 Non Blondes', 'Hoobastank'),
('4 Non Blondes', 'Hope Sandoval'),
('4 Non Blondes', 'Human Drama'),
('4 Non Blondes', 'Human Waste Project'),
('4 Non Blondes', 'Icky Boyfriends'),
('4 Non Blondes', 'Jacoby Shaddix'),
('4 Non Blondes', 'Jason Freese'),
('4 Non Blondes', 'Jeff Pehrson'),
('4 Non Blondes', 'Jeffrey Luck Lucas'),
('4 Non Blondes', 'Jesters of Destiny'),
('4 Non Blondes', 'Joey Castillo'),
('4 Non Blondes', 'John Kiffmeyer'),
('4 Non Blondes', 'John Spence'),
('4 Non Blondes', 'Johnny Crash'),
('4 Non Blondes', 'José Pasillas'),
('4 Non Blondes', 'Keel'),
('4 Non Blondes', 'Kik Tracee'),
('4 Non Blondes', 'Lawndale'),
('4 Non Blondes', 'Life After Life'),
('4 Non Blondes', 'Limp'),
('4 Non Blondes', 'Little Caesar'),
('4 Non Blondes', 'London After Midnight'),
('4 Non Blondes', 'Lynch Mob'),
('4 Non Blondes', 'Mantra Sunrise'),
('4 Non Blondes', 'Marc Ford'),
('4 Non Blondes', 'Marco Mendoza'),
('4 Non Blondes', 'Mark St. John'),
('4 Non Blondes', 'Mazzy Star'),
('4 Non Blondes', 'Medicine'),
('4 Non Blondes', 'Mike Dimkich'),
('4 Non Blondes', 'Mike Donovan'),
('4 Non Blondes', 'Mike Einziger'),
('4 Non Blondes', 'Model Engine'),
('4 Non Blondes', 'Monks of Doom'),
('4 Non Blondes', 'Mr. Big'),
('4 Non Blondes', 'Ontronik \"Andy\" Khachaturian'),
('4 Non Blondes', 'Ontronik Khachaturian'),
('4 Non Blondes', 'Özlem Tekin'),
('4 Non Blondes', 'P.O.D.'),
('4 Non Blondes', 'Pansy Division'),
('4 Non Blondes', 'Pearl Jam'),
('4 Non Blondes', 'Pete Mazich'),
('4 Non Blondes', 'Phantom Blue'),
('4 Non Blondes', 'Phil Lesh and Friends'),
('4 Non Blondes', 'Poperratic'),
('4 Non Blondes', 'Porno for Pyros'),
('4 Non Blondes', 'Prick'),
('4 Non Blondes', 'Quetzal'),
('4 Non Blondes', 'Ralph Sae'),
('4 Non Blondes', 'Ralph Saenz'),
('4 Non Blondes', 'Rattlebone'),
('4 Non Blondes', 'Red House Painters'),
('4 Non Blondes', 'Red Temple Spirits'),
('4 Non Blondes', 'Rhino Bucket'),
('4 Non Blondes', 'Rosemary\'s Billygoat'),
('4 Non Blondes', 'Russ Parrish'),
('4 Non Blondes', 'Russell Parrish'),
('4 Non Blondes', 'Sea Hags'),
('4 Non Blondes', 'Sean Danielsen'),
('4 Non Blondes', 'Sense Field'),
('4 Non Blondes', 'Shadow Project'),
('4 Non Blondes', 'Shaun Lopez'),
('4 Non Blondes', 'Shavarsh (Shavo) Odadjian'),
('4 Non Blondes', 'Shavo Odadjian'),
('4 Non Blondes', 'Shotgun Messiah'),
('4 Non Blondes', 'Slash\'s Snakepit'),
('4 Non Blondes', 'Slow Gherkin'),
('4 Non Blondes', 'Spain'),
('4 Non Blondes', 'Spiders & Snakes'),
('4 Non Blondes', 'Spindrift'),
('4 Non Blondes', 'Spirits Burning'),
('4 Non Blondes', 'Starflyer 59'),
('4 Non Blondes', 'Sugartooth'),
('4 Non Blondes', 'Sunshine Becker'),
('4 Non Blondes', 'Temple of the Dog'),
('4 Non Blondes', 'Tenacious D'),
('4 Non Blondes', 'That Dog'),
('4 Non Blondes', 'The Big F'),
('4 Non Blondes', 'The Breeders'),
('4 Non Blondes', 'The Brian Jonestown Massacre'),
('4 Non Blondes', 'The Flys'),
('4 Non Blondes', 'The God Machine'),
('4 Non Blondes', 'The Gone Jackals'),
('4 Non Blondes', 'The Mother Hips'),
('4 Non Blondes', 'The Rembrandts'),
('4 Non Blondes', 'The Siren Six!'),
('4 Non Blondes', 'The Storm'),
('4 Non Blondes', 'The Sugarplastic'),
('4 Non Blondes', 'Thin White Rope'),
('4 Non Blondes', 'Third Eye Blind'),
('4 Non Blondes', 'Three Mile Pilot'),
('4 Non Blondes', 'Timothy Drury'),
('4 Non Blondes', 'Tomorrow´s Child'),
('4 Non Blondes', 'Tribe of Gypsies'),
('4 Non Blondes', 'Tweaker'),
('4 Non Blondes', 'Ugly Kid Joe'),
('4 Non Blondes', 'Van Conner'),
('4 Non Blondes', 'Viva Saturn'),
('4 Non Blondes', 'Weezer'),
('4 Non Blondes', 'Whitfield Crane'),
('4 Non Blondes', 'X-Sinner'),
('4 Non Blondes', 'XYZ'),
('4 Non Blondes', 'Zac Baird'),
('4 Non Blondes', 'Zach Baird'),
('4 Non Blondes', 'Շավարշ Օդաջյան'),
('Aerosmith', 'Alice Cooper'),
('Aerosmith', 'Amir Derakh'),
('Aerosmith', 'Andy Chapin'),
('Aerosmith', 'Assassin'),
('Aerosmith', 'Audley Freed'),
('Aerosmith', 'Badlands'),
('Aerosmith', 'Beacon Street Union'),
('Aerosmith', 'Billy Squier'),
('Aerosmith', 'Black Sabbath'),
('Aerosmith', 'Bon Jovi'),
('Aerosmith', 'Brad Whitford'),
('Aerosmith', 'Cheap Trick'),
('Aerosmith', 'Claude Schnell'),
('Aerosmith', 'Danzig'),
('Aerosmith', 'Dave Carlock'),
('Aerosmith', 'Desmond Child'),
('Aerosmith', 'Dick Wagner'),
('Aerosmith', 'Dio'),
('Aerosmith', 'Eric Knight'),
('Aerosmith', 'Erik Brann'),
('Aerosmith', 'Giuffria'),
('Aerosmith', 'Guns N\' Roses'),
('Aerosmith', 'Hollywood Vampires'),
('Aerosmith', 'House of Lords'),
('Aerosmith', 'Jake E. Lee'),
('Aerosmith', 'Jeff Martin'),
('Aerosmith', 'Jimmy Crespo'),
('Aerosmith', 'Joe Perry'),
('Aerosmith', 'Justin Lassen'),
('Aerosmith', 'Kane Roberts'),
('Aerosmith', 'Kiss'),
('Aerosmith', 'Lenny Kravitz'),
('Aerosmith', 'Les Variations'),
('Aerosmith', 'Little Angels'),
('Aerosmith', 'Matt Thorr'),
('Aerosmith', 'Meat Loaf'),
('Aerosmith', 'Metallica'),
('Aerosmith', 'Michael Lee'),
('Aerosmith', 'Ozzy Osbourne'),
('Aerosmith', 'Page and Plant'),
('Aerosmith', 'Paul Shortino'),
('Aerosmith', 'Quiet Riot'),
('Aerosmith', 'Ratt'),
('Aerosmith', 'Rick Rubin'),
('Aerosmith', 'Robert DeLeo'),
('Aerosmith', 'Robert Plant'),
('Aerosmith', 'Rod Stewart'),
('Aerosmith', 'Rough Cutt'),
('Aerosmith', 'Rush'),
('Aerosmith', 'Russ Irwin'),
('Aerosmith', 'Savoy Brown'),
('Aerosmith', 'Sean McNabb'),
('Aerosmith', 'Sib Hashian'),
('Aerosmith', 'Sir Rod Stewart'),
('Aerosmith', 'Slash'),
('Aerosmith', 'Slipknot'),
('Aerosmith', 'Stress'),
('Aerosmith', 'Taylor Rhodes'),
('Aerosmith', 'The Cult'),
('Aerosmith', 'The J. Geils Band'),
('Aerosmith', 'The Jimi Hendrix Experience'),
('Aerosmith', 'The Joe Perry Project'),
('Aerosmith', 'The Quireboys'),
('Aerosmith', 'The Who'),
('Aerosmith', 'Thin Lizzy'),
('Aerosmith', 'Tom Hamilton'),
('Aerosmith', 'Tommy Henriksen'),
('Aerosmith', 'Warrior'),
('Aerosmith', 'Y&T'),
('Arcade Fire', '!!!'),
('Arcade Fire', '5th PROJEKT'),
('Arcade Fire', 'Alden Penner'),
('Arcade Fire', 'Amelia Curran'),
('Arcade Fire', 'Annuals'),
('Arcade Fire', 'Apostle of Hustle'),
('Arcade Fire', 'Atlas Strategic'),
('Arcade Fire', 'Beija Flor'),
('Arcade Fire', 'Bend Sinister'),
('Arcade Fire', 'Birds of Wales'),
('Arcade Fire', 'Black Diamond Bay'),
('Arcade Fire', 'Blaine Thurier'),
('Arcade Fire', 'Born Ruffians'),
('Arcade Fire', 'Braids'),
('Arcade Fire', 'Broken Social Scene'),
('Arcade Fire', 'Chad VanGaalen'),
('Arcade Fire', 'Cities in Dust'),
('Arcade Fire', 'CLARK the band'),
('Arcade Fire', 'Colin Munroe'),
('Arcade Fire', 'Constantines'),
('Arcade Fire', 'controller.controller'),
('Arcade Fire', 'Cookie Duster'),
('Arcade Fire', 'Dan Boeckner'),
('Arcade Fire', 'Dante DeCaro'),
('Arcade Fire', 'Dawntreader'),
('Arcade Fire', 'Debaser'),
('Arcade Fire', 'Despistado'),
('Arcade Fire', 'Dog Day'),
('Arcade Fire', 'Don Vail'),
('Arcade Fire', 'Dumas'),
('Arcade Fire', 'Eamon McGrath'),
('Arcade Fire', 'Eden Ants'),
('Arcade Fire', 'Egger'),
('Arcade Fire', 'Elbow Beach Surf Club'),
('Arcade Fire', 'Esmerine'),
('Arcade Fire', 'FemBots'),
('Arcade Fire', 'Fred Fortin'),
('Arcade Fire', 'Frog Eyes'),
('Arcade Fire', 'Fun 100'),
('Arcade Fire', 'Gentleman Reg'),
('Arcade Fire', 'Germans'),
('Arcade Fire', 'Grand Theft Bus'),
('Arcade Fire', 'Green Go'),
('Arcade Fire', 'Greylevel'),
('Arcade Fire', 'Handsome Furs'),
('Arcade Fire', 'Heidi Gluck'),
('Arcade Fire', 'Heidi Lynne Gluck'),
('Arcade Fire', 'Henri Fabergé and the Adorables'),
('Arcade Fire', 'Hot Little Rocket'),
('Arcade Fire', 'Hot Panda'),
('Arcade Fire', 'HotKid'),
('Arcade Fire', 'Hunter Valentine'),
('Arcade Fire', 'Immaculate Machine'),
('Arcade Fire', 'In Medias Res'),
('Arcade Fire', 'Islands'),
('Arcade Fire', 'James Murphy'),
('Arcade Fire', 'Jane Vain and the Dark Matter'),
('Arcade Fire', 'Japandroids'),
('Arcade Fire', 'Jay Malinowski'),
('Arcade Fire', 'Jeremy Gara'),
('Arcade Fire', 'Jim Bryson'),
('Arcade Fire', 'Jim Guthrie'),
('Arcade Fire', 'Johnny and the Moon'),
('Arcade Fire', 'Karkwa'),
('Arcade Fire', 'Katie Rox'),
('Arcade Fire', 'Kepler'),
('Arcade Fire', 'Knacker'),
('Arcade Fire', 'Ladyhawk'),
('Arcade Fire', 'Land of Talk'),
('Arcade Fire', 'Liam O\'Neil'),
('Arcade Fire', 'LINE SPECTRA'),
('Arcade Fire', 'Lotus Child'),
('Arcade Fire', 'Luke Doucet'),
('Arcade Fire', 'Machete Avenue'),
('Arcade Fire', 'Magic Weapon'),
('Arcade Fire', 'Magneta Lane'),
('Arcade Fire', 'Major Maker'),
('Arcade Fire', 'Malajube'),
('Arcade Fire', 'Manchester Orchestra'),
('Arcade Fire', 'Mark Browning'),
('Arcade Fire', 'Markus Dravs'),
('Arcade Fire', 'Michael Olsen'),
('Arcade Fire', 'Michael Peter Olsen'),
('Arcade Fire', 'Minus the Bear'),
('Arcade Fire', 'Miracle Fortress'),
('Arcade Fire', 'Moneen'),
('Arcade Fire', 'Mother Mother'),
('Arcade Fire', 'Navet Confit'),
('Arcade Fire', 'Nicholas Thorburn'),
('Arcade Fire', 'Nine Mile'),
('Arcade Fire', 'North of America'),
('Arcade Fire', 'Novillero'),
('Arcade Fire', 'Our Mercury'),
('Arcade Fire', 'Paint'),
('Arcade Fire', 'Paper Lions'),
('Arcade Fire', 'Pilot Speed'),
('Arcade Fire', 'Pink Mountaintops'),
('Arcade Fire', 'Plants and Animals'),
('Arcade Fire', 'PS I Love You'),
('Arcade Fire', 'Put The Rifle Down'),
('Arcade Fire', 'Rah Rah'),
('Arcade Fire', 'Raphaelle Standell-Preston'),
('Arcade Fire', 'Régine Alexandra Chassagne'),
('Arcade Fire', 'Régine Chassagne'),
('Arcade Fire', 'Republic of Safety'),
('Arcade Fire', 'Reverie Sound Revue'),
('Arcade Fire', 'Richard Parry'),
('Arcade Fire', 'Richard Reed Parry'),
('Arcade Fire', 'Rock Plaza Central'),
('Arcade Fire', 'Royal City'),
('Arcade Fire', 'Ryan Guldemond'),
('Arcade Fire', 'Sam Roberts'),
('Arcade Fire', 'Sarah Neufeld'),
('Arcade Fire', 'Serena Ryder'),
('Arcade Fire', 'Shotgun & Jaybird'),
('Arcade Fire', 'Slowcoaster'),
('Arcade Fire', 'Spencer Krug'),
('Arcade Fire', 'Spiral Beach'),
('Arcade Fire', 'Sproll'),
('Arcade Fire', 'SS Cardiacs'),
('Arcade Fire', 'Steve Lambke'),
('Arcade Fire', 'Still Life Still'),
('Arcade Fire', 'Sunset Rubdown'),
('Arcade Fire', 'Sylvie'),
('Arcade Fire', 'Tearjerker'),
('Arcade Fire', 'Tenth of May'),
('Arcade Fire', 'The Acorn'),
('Arcade Fire', 'The Besnard Lakes'),
('Arcade Fire', 'The Buttless Chaps'),
('Arcade Fire', 'The Cape May'),
('Arcade Fire', 'The City Streets'),
('Arcade Fire', 'The Coast'),
('Arcade Fire', 'The Consumer Goods'),
('Arcade Fire', 'The Deadly Snakes'),
('Arcade Fire', 'The Dear Hunter'),
('Arcade Fire', 'The Details'),
('Arcade Fire', 'The Diableros'),
('Arcade Fire', 'The Dirty Tricks'),
('Arcade Fire', 'The Dudes'),
('Arcade Fire', 'The Elwins'),
('Arcade Fire', 'The Framework'),
('Arcade Fire', 'The Ghost Is Dancing'),
('Arcade Fire', 'The Golden Dogs'),
('Arcade Fire', 'The Golden Seals'),
('Arcade Fire', 'The Hidden Cameras'),
('Arcade Fire', 'The High Dials'),
('Arcade Fire', 'The Hugh Dillon Redemption Choir'),
('Arcade Fire', 'The Hylozoists'),
('Arcade Fire', 'The Jimmy Swift Band'),
('Arcade Fire', 'The Junction'),
('Arcade Fire', 'The Lovely Feathers'),
('Arcade Fire', 'The Luyas'),
('Arcade Fire', 'The Maccabees'),
('Arcade Fire', 'The Manvils'),
('Arcade Fire', 'The Meligrove Band'),
('Arcade Fire', 'The Most Serene Republic'),
('Arcade Fire', 'The National'),
('Arcade Fire', 'The New Pornographers'),
('Arcade Fire', 'The Pack A.D.'),
('Arcade Fire', 'The Paperbacks'),
('Arcade Fire', 'The Perpetrators'),
('Arcade Fire', 'The Rapture'),
('Arcade Fire', 'The Reason'),
('Arcade Fire', 'The Sessions'),
('Arcade Fire', 'The Stills'),
('Arcade Fire', 'The Stolen Minks'),
('Arcade Fire', 'The Tom Fun Orchestra'),
('Arcade Fire', 'The Unicorns'),
('Arcade Fire', 'The Unintended'),
('Arcade Fire', 'The Vermicious Knid'),
('Arcade Fire', 'The Vulcan Dub Squad'),
('Arcade Fire', 'The Weakerthans'),
('Arcade Fire', 'The Wet Secrets'),
('Arcade Fire', 'Thee Silver Mt. Zion Memorial Orchestra'),
('Arcade Fire', 'Think About Life'),
('Arcade Fire', 'Tim Fletcher'),
('Arcade Fire', 'Tim Kingsbury'),
('Arcade Fire', 'Tokyo Police Club'),
('Arcade Fire', 'Transistor Sound & Lighting Co.'),
('Arcade Fire', 'Tricky Woo'),
('Arcade Fire', 'Two Hours Traffic'),
('Arcade Fire', 'Vacuity'),
('Arcade Fire', 'Valerie Jodoin Keaton'),
('Arcade Fire', 'Way to Go, Einstein'),
('Arcade Fire', 'Wayne Petti'),
('Arcade Fire', 'We Are Wolves'),
('Arcade Fire', 'White Lung'),
('Arcade Fire', 'Whitfield'),
('Arcade Fire', 'Will Butler'),
('Arcade Fire', 'Will Currie & The Country French'),
('Arcade Fire', 'Will Kidman'),
('Arcade Fire', 'William Butler'),
('Arcade Fire', 'Winter Equinox'),
('Arcade Fire', 'Wintersleep'),
('Arcade Fire', 'Wolf Parade'),
('Arcade Fire', 'Woodhands'),
('Arcade Fire', 'Yeah Yeah Yeahs'),
('Arcade Fire', 'You Say Party'),
('Arcade Fire', 'Yukon Blonde'),
('Bee Gees', 'Alyssa Bonagura'),
('Bee Gees', 'Andrea Bocelli'),
('Bee Gees', 'Andy Gibb'),
('Bee Gees', 'Bananarama'),
('Bee Gees', 'Barry Blue'),
('Bee Gees', 'Blue Weaver'),
('Bee Gees', 'Brotherhood of Man'),
('Bee Gees', 'Cheryl Lynn'),
('Bee Gees', 'Chicago'),
('Bee Gees', 'Danny Seraphine'),
('Bee Gees', 'David Foster'),
('Bee Gees', 'Dawayne Bailey'),
('Bee Gees', 'Dee Anthony'),
('Bee Gees', 'Dee Dee Warwick'),
('Bee Gees', 'Don Felder'),
('Bee Gees', 'Don Henley'),
('Bee Gees', 'Esther Phillips'),
('Bee Gees', 'Family'),
('Bee Gees', 'Five Star'),
('Bee Gees', 'Frank Simes'),
('Bee Gees', 'Frankie Valli'),
('Bee Gees', 'Gene Page'),
('Bee Gees', 'Gibb-Galuten-Richardson'),
('Bee Gees', 'Gladys Knight'),
('Bee Gees', 'Glen Campbell'),
('Bee Gees', 'Honk'),
('Bee Gees', 'James Ingram'),
('Bee Gees', 'Jimmy Ruffin'),
('Bee Gees', 'Judy Clay'),
('Bee Gees', 'Juice Newton'),
('Bee Gees', 'Keith Howland'),
('Bee Gees', 'Kenny Rogers'),
('Bee Gees', 'Kim Carnes'),
('Bee Gees', 'Larry Byrom'),
('Bee Gees', 'Laudir de Oliveira'),
('Bee Gees', 'Laudir Soares de Oliveira'),
('Bee Gees', 'Lee Loughnane'),
('Bee Gees', 'Lou Reed'),
('Bee Gees', 'Mac Davis'),
('Bee Gees', 'Marco Sabiu'),
('Bee Gees', 'Marty Grebb'),
('Bee Gees', 'Mick Gallagher'),
('Bee Gees', 'Mike Post'),
('Bee Gees', 'Peter Cetera'),
('Bee Gees', 'Peter Frampton'),
('Bee Gees', 'Pixie Lott'),
('Bee Gees', 'Ringo Starr & His All-Starr Band'),
('Bee Gees', 'Robert Lamm'),
('Bee Gees', 'Sheena Easton'),
('Bee Gees', 'Solomon Burke'),
('Bee Gees', 'Stephen Stills'),
('Bee Gees', 'Steve Perry'),
('Bee Gees', 'Teri DeSario'),
('Bee Gees', 'Terry Kath'),
('Bee Gees', 'The Beach Boys'),
('Bee Gees', 'The Doobie Brothers'),
('Bee Gees', 'The Sweet Inspirations'),
('Bee Gees', 'Tim Feehan'),
('Bee Gees', 'Toto'),
('Bee Gees', 'Wilson Pickett'),
('Bishop Briggs', 'Alex Clare'),
('Bishop Briggs', 'Anavae'),
('Bishop Briggs', 'Attaloss'),
('Bishop Briggs', 'Bear\'s Den'),
('Bishop Briggs', 'Bleach Blood'),
('Bishop Briggs', 'Brigade'),
('Bishop Briggs', 'Cat\'s Eyes'),
('Bishop Briggs', 'Childhood'),
('Bishop Briggs', 'Citizens!'),
('Bishop Briggs', 'Dua Lipa'),
('Bishop Briggs', 'Echo Lake'),
('Bishop Briggs', 'Eeves'),
('Bishop Briggs', 'Esprit D\'Air'),
('Bishop Briggs', 'Frances'),
('Bishop Briggs', 'Georgi Kay'),
('Bishop Briggs', 'Happyness'),
('Bishop Briggs', 'Harriet'),
('Bishop Briggs', 'Hobart Ocean'),
('Bishop Briggs', 'Hunter Hunted'),
('Bishop Briggs', 'Jack and White'),
('Bishop Briggs', 'Jacob Collier'),
('Bishop Briggs', 'Jamie N Commons'),
('Bishop Briggs', 'Jaws'),
('Bishop Briggs', 'Kyros'),
('Bishop Briggs', 'Lauren Aquilina'),
('Bishop Briggs', 'Legends Of Country'),
('Bishop Briggs', 'London Grammar Kiah\'s band'),
('Bishop Briggs', 'Loveable Rogues'),
('Bishop Briggs', 'Marika Hackman'),
('Bishop Briggs', 'Oh Wonder'),
('Bishop Briggs', 'Pacific Air'),
('Bishop Briggs', 'Proxies'),
('Bishop Briggs', 'Pure Love'),
('Bishop Briggs', 'Sebastopol'),
('Bishop Briggs', 'Splashh'),
('Bishop Briggs', 'Stars in Stereo'),
('Bishop Briggs', 'Swim Deep'),
('Bishop Briggs', 'Teleman'),
('Bishop Briggs', 'The Ceremonies'),
('Bishop Briggs', 'The Family Rain'),
('Bishop Briggs', 'The Feddens'),
('Bishop Briggs', 'The Luka State'),
('Bishop Briggs', 'The Rua'),
('Bishop Briggs', 'The Shelters'),
('Bishop Briggs', 'The Vultures'),
('Bishop Briggs', 'The Wild Things'),
('Bishop Briggs', 'Tribes'),
('Bishop Briggs', 'Ulrika Spacek'),
('Bishop Briggs', 'Vondelpark'),
('Bishop Briggs', 'Water Knot'),
('Bishop Briggs', 'Wolf Alice'),
('Bishop Briggs', 'Yaaks'),
('Bishop Briggs', 'Yak'),
('Bishop Briggs', 'Years & Years'),
('Boyce Avenue', '7 Blue Skies'),
('Boyce Avenue', 'Before You Exit'),
('Boyce Avenue', 'Bellarive'),
('Boyce Avenue', 'Broadway'),
('Boyce Avenue', 'Candace Marie'),
('Boyce Avenue', 'Cassadee Pope'),
('Boyce Avenue', 'Copeland'),
('Boyce Avenue', 'Dashboard Confessional'),
('Boyce Avenue', 'Fit For Rivals'),
('Boyce Avenue', 'Geri X'),
('Boyce Avenue', 'Hey Monday'),
('Boyce Avenue', 'JD Natasha'),
('Boyce Avenue', 'Joe Trohman'),
('Boyce Avenue', 'Matt Hires'),
('Boyce Avenue', 'Megaphone'),
('Boyce Avenue', 'Moments in Grace'),
('Boyce Avenue', 'Seville'),
('Boyce Avenue', 'Sin Division'),
('Boyce Avenue', 'Sound of Contact'),
('Boyce Avenue', 'Surfer Blood'),
('Boyce Avenue', 'Tenth Avenue North'),
('Boyce Avenue', 'The Killer and the Star'),
('Boyce Avenue', 'The Summer Obsession'),
('Boyce Avenue', 'Transmit Now'),
('Boyce Avenue', 'We the Kings'),
('Boyce Avenue', 'Æon Spoke'),
('CocoRosie', '13 & God'),
('CocoRosie', 'A Cursive Memory'),
('CocoRosie', 'A Day in Black and White'),
('CocoRosie', 'A Day in the Life'),
('CocoRosie', 'A Shoreline Dream'),
('CocoRosie', 'Aaron Deer'),
('CocoRosie', 'Action Action'),
('CocoRosie', 'Adrian Orange'),
('CocoRosie', 'Alan Singley and Pants Machine'),
('CocoRosie', 'Alaska!'),
('CocoRosie', 'Alive in Wild Paint'),
('CocoRosie', 'All the Day Holiday'),
('CocoRosie', 'Amen Dunes'),
('CocoRosie', 'American Babies'),
('CocoRosie', 'Anathallo'),
('CocoRosie', 'Andrew McMahon'),
('CocoRosie', 'Annuals'),
('CocoRosie', 'Anthem In'),
('CocoRosie', 'Apse'),
('CocoRosie', 'Armor for Sleep'),
('CocoRosie', 'Ashburne Glen'),
('CocoRosie', 'Ashley Dzerigian'),
('CocoRosie', 'Azure Ray'),
('CocoRosie', 'Barely Blind'),
('CocoRosie', 'Bark Hide and Horn'),
('CocoRosie', 'Baumer'),
('CocoRosie', 'Bear In Heaven'),
('CocoRosie', 'Becky Stark'),
('CocoRosie', 'Benevento/Russo Duo'),
('CocoRosie', 'Between the Trees'),
('CocoRosie', 'Big Japan'),
('CocoRosie', 'Bishop Allen'),
('CocoRosie', 'Black Camaro'),
('CocoRosie', 'Black Helicopter'),
('CocoRosie', 'Black Lips'),
('CocoRosie', 'Black Moth Super Rainbow'),
('CocoRosie', 'Black Taxi'),
('CocoRosie', 'Blacklist'),
('CocoRosie', 'Blame Game'),
('CocoRosie', 'Blanket Music'),
('CocoRosie', 'Boom Bip'),
('CocoRosie', 'Bound Stems'),
('CocoRosie', 'Bradford Cox'),
('CocoRosie', 'Bradley Bell'),
('CocoRosie', 'Brightblack Morning Light'),
('CocoRosie', 'Brite Futures'),
('CocoRosie', 'Broken Spindles'),
('CocoRosie', 'Brother\'s Past'),
('CocoRosie', 'Buke and Gase'),
('CocoRosie', 'Castaneda'),
('CocoRosie', 'Caviar'),
('CocoRosie', 'Celer'),
('CocoRosie', 'Chantal Claret'),
('CocoRosie', 'Chantal Euringer Claret'),
('CocoRosie', 'Charlotte Martin'),
('CocoRosie', 'Chris Murphy'),
('CocoRosie', 'Chris Schlarb'),
('CocoRosie', 'Christians & Lions'),
('CocoRosie', 'Citizens Here and Abroad'),
('CocoRosie', 'Clap Your Hands Say Yeah'),
('CocoRosie', 'Colossal'),
('CocoRosie', 'Common Rider'),
('CocoRosie', 'Common Shiner'),
('CocoRosie', 'Criteria'),
('CocoRosie', 'Cub Country'),
('CocoRosie', 'Daniel Anderson'),
('CocoRosie', 'Dat\'r'),
('CocoRosie', 'Dave Hartley'),
('CocoRosie', 'David Karsten Daniels'),
('CocoRosie', 'Dawn Richard'),
('CocoRosie', 'Dead Meadow'),
('CocoRosie', 'Deadboy & the Elephantmen'),
('CocoRosie', 'Deaf Pedestrians'),
('CocoRosie', 'Death Is Not a Joyride'),
('CocoRosie', 'Decibully'),
('CocoRosie', 'Denali'),
('CocoRosie', 'Department of Eagles'),
('CocoRosie', 'Desario'),
('CocoRosie', 'Devendra Banhart'),
('CocoRosie', 'Dirty Little Rabbits'),
('CocoRosie', 'Dirty Martini'),
('CocoRosie', 'Dolorean'),
('CocoRosie', 'D∆WN'),
('CocoRosie', 'Eager Seas'),
('CocoRosie', 'Eastern Conference Champions'),
('CocoRosie', 'EdibleRed'),
('CocoRosie', 'Edward Sharpe and the Magnetic Zeros'),
('CocoRosie', 'Ehnahre'),
('CocoRosie', 'Elastic No-No Band'),
('CocoRosie', 'Elefant'),
('CocoRosie', 'Ellison'),
('CocoRosie', 'Emil Werstler'),
('CocoRosie', 'Enation (currently Jonathan Jackson + Enation)'),
('CocoRosie', 'Entertainment'),
('CocoRosie', 'EOTO'),
('CocoRosie', 'Erase Errata'),
('CocoRosie', 'Ever We Fall'),
('CocoRosie', 'Everything, Now!'),
('CocoRosie', 'Evil Beaver'),
('CocoRosie', 'Excepter'),
('CocoRosie', 'Exit Clov'),
('CocoRosie', 'Ezra Furman and The Harpoons'),
('CocoRosie', 'Fang Island'),
('CocoRosie', 'Faun Fables'),
('CocoRosie', 'Fever Marlene'),
('CocoRosie', 'Fields of Aplomb'),
('CocoRosie', 'Filligar'),
('CocoRosie', 'Film School'),
('CocoRosie', 'Flashy Python'),
('CocoRosie', 'Flying Lotus'),
('CocoRosie', 'Fog'),
('CocoRosie', 'Fourth Of July'),
('CocoRosie', 'Frankie Emerson'),
('CocoRosie', 'Free Energy'),
('CocoRosie', 'French Kicks'),
('CocoRosie', 'Ghost Machine'),
('CocoRosie', 'Girl Talk'),
('CocoRosie', 'Gobotron'),
('CocoRosie', 'Golden Shoulders'),
('CocoRosie', 'Goldspot'),
('CocoRosie', 'Goodwen'),
('CocoRosie', 'Goon Moon'),
('CocoRosie', 'Gossip'),
('CocoRosie', 'Grand Archives'),
('CocoRosie', 'Great Northern'),
('CocoRosie', 'Greg Davis'),
('CocoRosie', 'Gregg Gillis'),
('CocoRosie', 'Gregory Rogove'),
('CocoRosie', 'Grown Ups'),
('CocoRosie', 'Ha Ha Tonka'),
('CocoRosie', 'Hallelujah the Hills'),
('CocoRosie', 'Halloween, Alaska'),
('CocoRosie', 'Harlem'),
('CocoRosie', 'Hat On, Drinking Wine'),
('CocoRosie', 'Head of Femur'),
('CocoRosie', 'Headlights'),
('CocoRosie', 'Headphones'),
('CocoRosie', 'Heartless Bastards'),
('CocoRosie', 'Heavens'),
('CocoRosie', 'Hey Mercedes'),
('CocoRosie', 'Hockey'),
('CocoRosie', 'Honey Claws'),
('CocoRosie', 'House of Fools'),
('CocoRosie', 'Howie Day'),
('CocoRosie', 'Hymns'),
('CocoRosie', 'I Would Set Myself on Fire for You'),
('CocoRosie', 'Ilia'),
('CocoRosie', 'Instruction'),
('CocoRosie', 'J. Tillman'),
('CocoRosie', 'Jack Conte'),
('CocoRosie', 'Jamie Laurie'),
('CocoRosie', 'Jared Lee Gosselin'),
('CocoRosie', 'Jason Myles Goss'),
('CocoRosie', 'Jeff Hanson'),
('CocoRosie', 'Jenn Grinels'),
('CocoRosie', 'Jeremy Messersmith'),
('CocoRosie', 'Jeremy Ylvisaker'),
('CocoRosie', 'Joe Russo'),
('CocoRosie', 'John Ralston'),
('CocoRosie', 'Jon Natchez'),
('CocoRosie', 'Jona Bechtolt'),
('CocoRosie', 'Jonah Cordy'),
('CocoRosie', 'Jonezetta'),
('CocoRosie', 'Jonny 5'),
('CocoRosie', 'Joshua Tillman'),
('CocoRosie', 'Juliette and the Licks'),
('CocoRosie', 'Karen O'),
('CocoRosie', 'Katsu'),
('CocoRosie', 'Kay Kay and His Weathered Underground'),
('CocoRosie', 'Kevin Rudolf'),
('CocoRosie', 'Kid Dakota'),
('CocoRosie', 'Kimono Draggin\''),
('CocoRosie', 'Kinch Band'),
('CocoRosie', 'Koufax'),
('CocoRosie', 'Kyle Andrews'),
('CocoRosie', 'Ladyfinger (ne)'),
('CocoRosie', 'Language Room'),
('CocoRosie', 'Lapush'),
('CocoRosie', 'Larkin Grimm'),
('CocoRosie', 'Lee DeWyze'),
('CocoRosie', 'Leila Bela'),
('CocoRosie', 'Let Go'),
('CocoRosie', 'Little Joy'),
('CocoRosie', 'Longwave'),
('CocoRosie', 'Look Mexico'),
('CocoRosie', 'Los Abandoned'),
('CocoRosie', 'Lotus Eaters'),
('CocoRosie', 'Louis XIV'),
('CocoRosie', 'Low vs Diamond'),
('CocoRosie', 'Lying in States'),
('CocoRosie', 'Magnetic Morning'),
('CocoRosie', 'Make Believe'),
('CocoRosie', 'Man in Gray'),
('CocoRosie', 'Manchester Orchestra'),
('CocoRosie', 'Maps & Atlases'),
('CocoRosie', 'Margot & the Nuclear So and So\'s'),
('CocoRosie', 'Maritime'),
('CocoRosie', 'Math the Band'),
('CocoRosie', 'Matt Friction'),
('CocoRosie', 'Matt Oliver'),
('CocoRosie', 'Max Bemis'),
('CocoRosie', 'Maya Bond'),
('CocoRosie', 'Mayhaw Hoons'),
('CocoRosie', 'Meese'),
('CocoRosie', 'Mêlée'),
('CocoRosie', 'Mellow Down Easy'),
('CocoRosie', 'Merit'),
('CocoRosie', 'Metropolitan'),
('CocoRosie', 'Michael Benjamin Lerner'),
('CocoRosie', 'Michael Grepp'),
('CocoRosie', 'Midnight Movies'),
('CocoRosie', 'Milagres'),
('CocoRosie', 'Mortimer Nova'),
('CocoRosie', 'Mostly Bears'),
('CocoRosie', 'Motive for Movement'),
('CocoRosie', 'Moving Units'),
('CocoRosie', 'Mt. St. Helens Vietnam Band'),
('CocoRosie', 'Murder Mystery'),
('CocoRosie', 'My Heart To Joy'),
('CocoRosie', 'My Morning Jacket'),
('CocoRosie', 'Natalia Contesse'),
('CocoRosie', 'Native Korean Rock'),
('CocoRosie', 'Nick Falcon'),
('CocoRosie', 'Nightmare of You'),
('CocoRosie', 'Norfolk & Western'),
('CocoRosie', 'Northern State'),
('CocoRosie', 'Noun'),
('CocoRosie', 'Now, Now'),
('CocoRosie', 'Oberhofer'),
('CocoRosie', 'Okkervil River'),
('CocoRosie', 'One for the Team'),
('CocoRosie', 'One Ring Zero'),
('CocoRosie', 'One-Eyed Doll'),
('CocoRosie', 'Oranger'),
('CocoRosie', 'Oslo'),
('CocoRosie', 'Oucho Sparks'),
('CocoRosie', 'Overcast Off'),
('CocoRosie', 'Owls'),
('CocoRosie', 'pacificUV'),
('CocoRosie', 'Pagoda'),
('CocoRosie', 'Paper Route'),
('CocoRosie', 'Paramount Styles'),
('CocoRosie', 'Parenthetical Girls'),
('CocoRosie', 'Patrick Carney'),
('CocoRosie', 'Permanent Me'),
('CocoRosie', 'Pete Yorn'),
('CocoRosie', 'Phenomenal Handclap Band'),
('CocoRosie', 'Pigeon Religion'),
('CocoRosie', 'Pilot to Gunner'),
('CocoRosie', 'Pilotdrift'),
('CocoRosie', 'Pink Anvil'),
('CocoRosie', 'Pit er Pat'),
('CocoRosie', 'Pmtoday'),
('CocoRosie', 'Pocket Symphonies'),
('CocoRosie', 'Pomplamoose'),
('CocoRosie', 'Pond Monkeys'),
('CocoRosie', 'Port O\'Brien'),
('CocoRosie', 'Psychic Emperor'),
('CocoRosie', 'Ra Ra Riot'),
('CocoRosie', 'Rachel Trachtenburg'),
('CocoRosie', 'Rademacher'),
('CocoRosie', 'Ras G'),
('CocoRosie', 'Recover'),
('CocoRosie', 'Right Away, Great Captain!'),
('CocoRosie', 'Robbers on High Street'),
('CocoRosie', 'Robert Gomez'),
('CocoRosie', 'Robert Venable'),
('CocoRosie', 'Rogue Wave'),
('CocoRosie', 'Rory'),
('CocoRosie', 'RPM Orchestra'),
('CocoRosie', 'RRIICCEE'),
('CocoRosie', 'Ryland Bouchard'),
('CocoRosie', 'Saadat Awan'),
('CocoRosie', 'Sabrosa Purr'),
('CocoRosie', 'Say No More'),
('CocoRosie', 'Scarling.'),
('CocoRosie', 'Scissors For Lefty'),
('CocoRosie', 'Sea Wolf'),
('CocoRosie', 'Seekonk'),
('CocoRosie', 'Seneca Hawk'),
('CocoRosie', 'Setting Sun'),
('CocoRosie', 'Seven Car Pileup'),
('CocoRosie', 'Seville'),
('CocoRosie', 'Shilpa Ray'),
('CocoRosie', 'Shinobu'),
('CocoRosie', 'Silversun Pickups'),
('CocoRosie', 'Single File'),
('CocoRosie', 'Skeletonbreath'),
('CocoRosie', 'Smile Smile'),
('CocoRosie', 'Soft'),
('CocoRosie', 'Son, Ambulance'),
('CocoRosie', 'Sparta'),
('CocoRosie', 'Spinnerette'),
('CocoRosie', 'Stars Like Fleas'),
('CocoRosie', 'Startisan'),
('CocoRosie', 'Steel Train'),
('CocoRosie', 'Subtle'),
('CocoRosie', 'Suit of Lights'),
('CocoRosie', 'Swords'),
('CocoRosie', 'Tapes \'n Tapes'),
('CocoRosie', 'Tay Zonday'),
('CocoRosie', 'Telekinesis'),
('CocoRosie', 'Thanksgiving'),
('CocoRosie', 'The \'89 Cubs'),
('CocoRosie', 'The A-Sides'),
('CocoRosie', 'The A.K.A.s'),
('CocoRosie', 'The Airborne Toxic Event'),
('CocoRosie', 'The All-Girl Boys Choir'),
('CocoRosie', 'The Big Friendly Corporation'),
('CocoRosie', 'The Big Sleep'),
('CocoRosie', 'The Black and White Years'),
('CocoRosie', 'The Blakes'),
('CocoRosie', 'The Boggs'),
('CocoRosie', 'The Books'),
('CocoRosie', 'The Bravery'),
('CocoRosie', 'The Broken West'),
('CocoRosie', 'The Candles'),
('CocoRosie', 'The Capricorns'),
('CocoRosie', 'The Caribbean'),
('CocoRosie', 'The Cassettes'),
('CocoRosie', 'The Caulfield Sisters'),
('CocoRosie', 'The Cave Singers'),
('CocoRosie', 'The Color Fred'),
('CocoRosie', 'The Color Turning'),
('CocoRosie', 'The Deathray Davies'),
('CocoRosie', 'The Divine Madness'),
('CocoRosie', 'The Downtown Fiction'),
('CocoRosie', 'The Eastern Sea'),
('CocoRosie', 'The Elected'),
('CocoRosie', 'The Envy Corps'),
('CocoRosie', 'The Ettes'),
('CocoRosie', 'The Evens'),
('CocoRosie', 'The Ex-Kings'),
('CocoRosie', 'The Family Crest'),
('CocoRosie', 'The Fiery Furnaces'),
('CocoRosie', 'The Fire Theft'),
('CocoRosie', 'The Fold'),
('CocoRosie', 'The Forms'),
('CocoRosie', 'The Four Hundred'),
('CocoRosie', 'The Frequency'),
('CocoRosie', 'The Good Life'),
('CocoRosie', 'The Hard Lessons'),
('CocoRosie', 'The Heavy Circles'),
('CocoRosie', 'The Helio Sequence'),
('CocoRosie', 'The Hourly Radio'),
('CocoRosie', 'The Hush Sound'),
('CocoRosie', 'The Jealous Sound'),
('CocoRosie', 'The Joggers'),
('CocoRosie', 'The Kickback'),
('CocoRosie', 'The Killer and the Star'),
('CocoRosie', 'The Kills'),
('CocoRosie', 'The Kingsbury Manx'),
('CocoRosie', 'The Knux'),
('CocoRosie', 'The Library is on Fire'),
('CocoRosie', 'The Like Young'),
('CocoRosie', 'The Lovely Sparrows'),
('CocoRosie', 'The Magic Magicians'),
('CocoRosie', 'The Main Drag'),
('CocoRosie', 'The Monolators'),
('CocoRosie', 'The Motion Sick'),
('CocoRosie', 'The Natural History'),
('CocoRosie', 'The Nein'),
('CocoRosie', 'The New Amsterdams'),
('CocoRosie', 'The New Mexicans'),
('CocoRosie', 'The New Year'),
('CocoRosie', 'The Nice Device'),
('CocoRosie', 'The Octopus Project'),
('CocoRosie', 'The Oranges Band'),
('CocoRosie', 'The Polyamorous Affair'),
('CocoRosie', 'The Ponys'),
('CocoRosie', 'The Pop Culture Suicides'),
('CocoRosie', 'The Pseudo Dates'),
('CocoRosie', 'The Queen Killing Kings'),
('CocoRosie', 'The Redwalls'),
('CocoRosie', 'The Reign of Kindo'),
('CocoRosie', 'The Rosebuds'),
('CocoRosie', 'The Scarlet Ending'),
('CocoRosie', 'The Selmanaires'),
('CocoRosie', 'The Shreds'),
('CocoRosie', 'The Static Jacks'),
('CocoRosie', 'The Submarines'),
('CocoRosie', 'The Suicide Dolls'),
('CocoRosie', 'The Terrible Twos'),
('CocoRosie', 'The Thermals'),
('CocoRosie', 'The Twilight Singers'),
('CocoRosie', 'The Velvet Teen'),
('CocoRosie', 'The Walkmen'),
('CocoRosie', 'The Wind'),
('CocoRosie', 'The XYZ Affair'),
('CocoRosie', 'Thee Heavenly Music Association'),
('CocoRosie', 'Thee More Shallows'),
('CocoRosie', 'Therefore I Am'),
('CocoRosie', 'This Day and Age'),
('CocoRosie', 'This Providence'),
('CocoRosie', 'Thrift Store Cowboys'),
('CocoRosie', 'Tilly and the Wall'),
('CocoRosie', 'Time to Fly'),
('CocoRosie', 'Tiny Hawks'),
('CocoRosie', 'To My Surprise'),
('CocoRosie', 'Tracker'),
('CocoRosie', 'Twinemen'),
('CocoRosie', 'Überschall'),
('CocoRosie', 'Uh Huh Her'),
('CocoRosie', 'Umbrellas'),
('CocoRosie', 'Vells (band)'),
('CocoRosie', 'Vetiver'),
('CocoRosie', 'Vinyl Williams'),
('CocoRosie', 'We All Have Hooks For Hands'),
('CocoRosie', 'We Barbarians'),
('CocoRosie', 'We the Living'),
('CocoRosie', 'White Rabbits'),
('CocoRosie', 'Wild Light'),
('CocoRosie', 'Winterpills'),
('CocoRosie', 'Wirepony'),
('CocoRosie', 'Wiretree'),
('CocoRosie', 'World Blanket'),
('CocoRosie', 'Yellow Swans'),
('CocoRosie', 'Yip-Yip'),
('CocoRosie', 'Zolof the Rock & Roll Destroyer'),
('Engenheiros Do Hawaii', 'Agentss'),
('Engenheiros Do Hawaii', 'Andria Busic'),
('Engenheiros Do Hawaii', 'Angel\'s Breath'),
('Engenheiros Do Hawaii', 'Arrigo Barnabé'),
('Engenheiros Do Hawaii', 'Azul 29'),
('Engenheiros Do Hawaii', 'Cadão Volpato'),
('Engenheiros Do Hawaii', 'Capital Inicial'),
('Engenheiros Do Hawaii', 'Cássia Eller'),
('Engenheiros Do Hawaii', 'Cazuza'),
('Engenheiros Do Hawaii', 'Cello Dias'),
('Engenheiros Do Hawaii', 'Edu Ardanuy'),
('Engenheiros Do Hawaii', 'Eloy Fritsch'),
('Engenheiros Do Hawaii', 'Fellini'),
('Engenheiros Do Hawaii', 'Ira!'),
('Engenheiros Do Hawaii', 'Ivan Busic'),
('Engenheiros Do Hawaii', 'Kid Abelha'),
('Engenheiros Do Hawaii', 'Legião Urbana'),
('Engenheiros Do Hawaii', 'Mercenárias'),
('Engenheiros Do Hawaii', 'Nasi'),
('Engenheiros Do Hawaii', 'Nenhum de Nós'),
('Engenheiros Do Hawaii', 'Plebe Rude'),
('Engenheiros Do Hawaii', 'Red Baron'),
('Engenheiros Do Hawaii', 'Sempre Livre'),
('Engenheiros Do Hawaii', 'Supla'),
('Engenheiros Do Hawaii', 'Violeta de Outono'),
('Engenheiros Do Hawaii', 'Viper'),
('Engenheiros Do Hawaii', 'Zero'),
('Florence and The Machine', 'Cam Blackwood'),
('Florence and The Machine', 'Cameron Blackwood'),
('Florence and The Machine', 'Charlie Hugall'),
('Florence and The Machine', 'Crystal Fighters'),
('Florence and The Machine', 'Dev Hynes'),
('Florence and The Machine', 'Dimitri Tikovoi'),
('Florence and The Machine', 'Florence Welch'),
('Florence and The Machine', 'Grizzly Bear'),
('Florence and The Machine', 'Isabella Summers'),
('Florence and The Machine', 'Kaiser Chiefs'),
('Florence and The Machine', 'Test Icicles'),
('Florence and The Machine', 'The History of Apple Pie'),
('Florence and The Machine', 'The Horrors'),
('Guns N\' Roses', '21 Guns'),
('Guns N\' Roses', 'A Perfect Circle'),
('Guns N\' Roses', 'Aaron A. Brooks'),
('Guns N\' Roses', 'AC/DC'),
('Guns N\' Roses', 'AC/DShe'),
('Guns N\' Roses', 'Adam Siegel'),
('Guns N\' Roses', 'Adler'),
('Guns N\' Roses', 'Adler\'s Appetite'),
('Guns N\' Roses', 'Aerosmith'),
('Guns N\' Roses', 'Al Pitrelli'),
('Guns N\' Roses', 'Alice Cooper'),
('Guns N\' Roses', 'Amery Smith'),
('Guns N\' Roses', 'Andrew Stockdale'),
('Guns N\' Roses', 'Angus Young'),
('Guns N\' Roses', 'Anthony \"Tiny Bubz\" Biuso'),
('Guns N\' Roses', 'Anthony \\\\Tiny\\\\ Biuso'),
('Guns N\' Roses', 'Armored Saint'),
('Guns N\' Roses', 'Art of Anarchy'),
('Guns N\' Roses', 'Bad English'),
('Guns N\' Roses', 'Bastardolomey'),
('Guns N\' Roses', 'Beautiful Creatures'),
('Guns N\' Roses', 'Billy Duffy'),
('Guns N\' Roses', 'Billy Gibbons'),
('Guns N\' Roses', 'Bitch'),
('Guns N\' Roses', 'Black Label Society'),
('Guns N\' Roses', 'Black Star Riders'),
('Guns N\' Roses', 'Blackie Lawless'),
('Guns N\' Roses', 'Bobby Jarzombek'),
('Guns N\' Roses', 'Bon Jovi'),
('Guns N\' Roses', 'Bon Scott'),
('Guns N\' Roses', 'Brand New Immortals'),
('Guns N\' Roses', 'Brent Muscat'),
('Guns N\' Roses', 'Brian Johnson'),
('Guns N\' Roses', 'Brian Tichy'),
('Guns N\' Roses', 'Brides of Destruction'),
('Guns N\' Roses', 'Bruce Dickinson'),
('Guns N\' Roses', 'Bryan \"Brain\" Mantia'),
('Guns N\' Roses', 'Bryan Mantia'),
('Guns N\' Roses', 'Buckethead'),
('Guns N\' Roses', 'Bulimia Banquet'),
('Guns N\' Roses', 'BulletBoys'),
('Guns N\' Roses', 'Burden Brothers'),
('Guns N\' Roses', 'Buster Brown'),
('Guns N\' Roses', 'CHARLOTTE'),
('Guns N\' Roses', 'Chris Chaney'),
('Guns N\' Roses', 'Chris Slade'),
('Guns N\' Roses', 'Chris Van Dahl'),
('Guns N\' Roses', 'Chris Weber'),
('Guns N\' Roses', 'Chuck Wright'),
('Guns N\' Roses', 'Cinderella'),
('Guns N\' Roses', 'Cliff Burton'),
('Guns N\' Roses', 'Cliff Williams'),
('Guns N\' Roses', 'Clifford Lee \"Cliff\" Burton'),
('Guns N\' Roses', 'Contraband'),
('Guns N\' Roses', 'Damn Yankees'),
('Guns N\' Roses', 'Damnocracy'),
('Guns N\' Roses', 'Dan Monti'),
('Guns N\' Roses', 'Daron Malakian'),
('Guns N\' Roses', 'Dave Carlock'),
('Guns N\' Roses', 'Dave Evans'),
('Guns N\' Roses', 'Dave Kushner'),
('Guns N\' Roses', 'Dave Mustaine'),
('Guns N\' Roses', 'Dave Navarro'),
('Guns N\' Roses', 'David Lee Roth'),
('Guns N\' Roses', 'Deliverance'),
('Guns N\' Roses', 'Dennis Leeflang'),
('Guns N\' Roses', 'Dilana'),
('Guns N\' Roses', 'Dilana Robichaux'),
('Guns N\' Roses', 'Dizzy Reed'),
('Guns N\' Roses', 'DJ Ashba'),
('Guns N\' Roses', 'DKFXP'),
('Guns N\' Roses', 'Dokken'),
('Guns N\' Roses', 'Don Henley'),
('Guns N\' Roses', 'Doug Aldrich'),
('Guns N\' Roses', 'Duff McKagan'),
('Guns N\' Roses', 'Dweezil Zappa'),
('Guns N\' Roses', 'Eddie Money'),
('Guns N\' Roses', 'Eddie St. James'),
('Guns N\' Roses', 'Edward Vincent St.James'),
('Guns N\' Roses', 'Electric Love Hogs'),
('Guns N\' Roses', 'Eric Dover'),
('Guns N\' Roses', 'Eric Singer'),
('Guns N\' Roses', 'Faster Pussycat'),
('Guns N\' Roses', 'Finch'),
('Guns N\' Roses', 'Franky Perez'),
('Guns N\' Roses', 'Fred Coury'),
('Guns N\' Roses', 'Galo Ochoa'),
('Guns N\' Roses', 'Geordie'),
('Guns N\' Roses', 'Gerry Nestler'),
('Guns N\' Roses', 'Giant Robot'),
('Guns N\' Roses', 'Gilby Clarke'),
('Guns N\' Roses', 'Girl'),
('Guns N\' Roses', 'Go Go Power Rangers'),
('Guns N\' Roses', 'Gov\'t Mule'),
('Guns N\' Roses', 'Halestorm'),
('Guns N\' Roses', 'Harry Slash & The Slashtones'),
('Guns N\' Roses', 'Heart'),
('Guns N\' Roses', 'Heaven'),
('Guns N\' Roses', 'Hellion'),
('Guns N\' Roses', 'Hollywood Monsters'),
('Guns N\' Roses', 'Hollywood Rose'),
('Guns N\' Roses', 'Ian Astbury'),
('Guns N\' Roses', 'Ian McLagan'),
('Guns N\' Roses', 'Impellitteri'),
('Guns N\' Roses', 'Izzy Stradlin'),
('Guns N\' Roses', 'James B. Martin'),
('Guns N\' Roses', 'James Hetfield'),
('Guns N\' Roses', 'James LaBrie'),
('Guns N\' Roses', 'James LoMenzo'),
('Guns N\' Roses', 'James Michael'),
('Guns N\' Roses', 'Jason Newsted'),
('Guns N\' Roses', 'Jeff Angell'),
('Guns N\' Roses', 'Jeff Pilson'),
('Guns N\' Roses', 'Jeremy \"Guns\" Carson'),
('Guns N\' Roses', 'Jeremy Guns'),
('Guns N\' Roses', 'Jerome Dillon'),
('Guns N\' Roses', 'Jesters of Destiny'),
('Guns N\' Roses', 'Jim Gillette'),
('Guns N\' Roses', 'Jim Martin'),
('Guns N\' Roses', 'Jimmy D\'Anda'),
('Guns N\' Roses', 'Jizzy Pearl'),
('Guns N\' Roses', 'Joe Walsh'),
('Guns N\' Roses', 'Joey Jordison'),
('Guns N\' Roses', 'Joey Vera'),
('Guns N\' Roses', 'John Bush'),
('Guns N\' Roses', 'John Corabi'),
('Guns N\' Roses', 'John Marshall'),
('Guns N\' Roses', 'John Sinclair'),
('Guns N\' Roses', 'John Tempesta'),
('Guns N\' Roses', 'Johnny Colt'),
('Guns N\' Roses', 'Johnny Crash'),
('Guns N\' Roses', 'Josh Freese'),
('Guns N\' Roses', 'Joshua'),
('Guns N\' Roses', 'Juan Alderete'),
('Guns N\' Roses', 'Justin Lassen'),
('Guns N\' Roses', 'Keel'),
('Guns N\' Roses', 'Kenny Kweens'),
('Guns N\' Roses', 'Keri Kelli'),
('Guns N\' Roses', 'Kid Chaos'),
('Guns N\' Roses', 'Kid Choas'),
('Guns N\' Roses', 'Kik Tracee'),
('Guns N\' Roses', 'King Diamond'),
('Guns N\' Roses', 'King Kobra'),
('Guns N\' Roses', 'Kirk Hammett'),
('Guns N\' Roses', 'Kiss'),
('Guns N\' Roses', 'Kurt James'),
('Guns N\' Roses', 'L.A. Guns'),
('Guns N\' Roses', 'Lars Ulrich'),
('Guns N\' Roses', 'Leather Charm'),
('Guns N\' Roses', 'Lemmy'),
('Guns N\' Roses', 'Lemmy Kilmister'),
('Guns N\' Roses', 'Lenny Kravitz'),
('Guns N\' Roses', 'Little Angels'),
('Guns N\' Roses', 'Little Caesar'),
('Guns N\' Roses', 'Lizzie Grey'),
('Guns N\' Roses', 'Lizzy Borden'),
('Guns N\' Roses', 'Loaded'),
('Guns N\' Roses', 'London'),
('Guns N\' Roses', 'Lord Tracy'),
('Guns N\' Roses', 'Love/Hate'),
('Guns N\' Roses', 'Lynam'),
('Guns N\' Roses', 'Lynch Mob'),
('Guns N\' Roses', 'M. Shadows'),
('Guns N\' Roses', 'Malcolm Young'),
('Guns N\' Roses', 'Marc Ford'),
('Guns N\' Roses', 'Marco Mendoza'),
('Guns N\' Roses', 'Marilyn Manson'),
('Guns N\' Roses', 'Mark Evans'),
('Guns N\' Roses', 'Mark McConnell'),
('Guns N\' Roses', 'Marq Torien'),
('Guns N\' Roses', 'Marty Casey'),
('Guns N\' Roses', 'Matt Sorum'),
('Guns N\' Roses', 'Maximum Bob'),
('Guns N\' Roses', 'MC5'),
('Guns N\' Roses', 'Megadeth'),
('Guns N\' Roses', 'Melissa Reese'),
('Guns N\' Roses', 'Merck Mercuriadis'),
('Guns N\' Roses', 'Mercyful Fate'),
('Guns N\' Roses', 'Metallica'),
('Guns N\' Roses', 'Michael Barbiero'),
('Guns N\' Roses', 'Michael Lee'),
('Guns N\' Roses', 'Michael Schenker'),
('Guns N\' Roses', 'Mick Cripps'),
('Guns N\' Roses', 'Mike Chlasciak'),
('Guns N\' Roses', 'Mike Clark'),
('Guns N\' Roses', 'Mike Dimkich'),
('Guns N\' Roses', 'Mike Inez'),
('Guns N\' Roses', 'Mike McCready'),
('Guns N\' Roses', 'Mötley Crüe'),
('Guns N\' Roses', 'Motörhead'),
('Guns N\' Roses', 'Motortrain'),
('Guns N\' Roses', 'Mott the Hoople'),
('Guns N\' Roses', 'Mr. Big'),
('Guns N\' Roses', 'Myles Kennedy'),
('Guns N\' Roses', 'Newsted'),
('Guns N\' Roses', 'Nick Perri'),
('Guns N\' Roses', 'Nickey Alexander'),
('Guns N\' Roses', 'Nikki Sixx'),
('Guns N\' Roses', 'Ole Beich'),
('Guns N\' Roses', 'Owl'),
('Guns N\' Roses', 'Ozzy Osbourne'),
('Guns N\' Roses', 'Papa Wheelie'),
('Guns N\' Roses', 'Patrick Muzingo'),
('Guns N\' Roses', 'Paul Crook'),
('Guns N\' Roses', 'Pepper Keenan'),
('Guns N\' Roses', 'Phantom Blue'),
('Guns N\' Roses', 'Phil Lewis'),
('Guns N\' Roses', 'Phil Rudd'),
('Guns N\' Roses', 'Poison'),
('Guns N\' Roses', 'Pretty Boy Floyd'),
('Guns N\' Roses', 'Q5'),
('Guns N\' Roses', 'Racer X'),
('Guns N\' Roses', 'Ralph Sae'),
('Guns N\' Roses', 'Ralph Saenz'),
('Guns N\' Roses', 'Ralph Santolla'),
('Guns N\' Roses', 'Rapidfire'),
('Guns N\' Roses', 'Ratt'),
('Guns N\' Roses', 'Raymond Herrera'),
('Guns N\' Roses', 'Rhino Bucket'),
('Guns N\' Roses', 'Richard Fortus'),
('Guns N\' Roses', 'Rick Rubin'),
('Guns N\' Roses', 'Rick Stitch'),
('Guns N\' Roses', 'Riverdogs'),
('Guns N\' Roses', 'Rob \"Blasko\" Nicholson'),
('Guns N\' Roses', 'Rob De Luca'),
('Guns N\' Roses', 'Rob Gardner'),
('Guns N\' Roses', 'Rob Nicholson'),
('Guns N\' Roses', 'Robbie Crane'),
('Guns N\' Roses', 'Robert Jarzombek'),
('Guns N\' Roses', 'Robert Plant'),
('Guns N\' Roses', 'Robert Stoddard'),
('Guns N\' Roses', 'Robert Trujillo'),
('Guns N\' Roses', 'Robin Finck'),
('Guns N\' Roses', 'Rock Star Supernova'),
('Guns N\' Roses', 'Ron \"Bumblefoot\" Thal'),
('Guns N\' Roses', 'Ron McGovney'),
('Guns N\' Roses', 'Ron \\\\Bumblefoot\\\\ Thal'),
('Guns N\' Roses', 'Saints of the Underground'),
('Guns N\' Roses', 'Scorpions'),
('Guns N\' Roses', 'Scott Garrett'),
('Guns N\' Roses', 'Scott Griffin'),
('Guns N\' Roses', 'Scott Weiland'),
('Guns N\' Roses', 'Sebastian  Bach'),
('Guns N\' Roses', 'Sebastian Bach'),
('Guns N\' Roses', 'Serj Tankian'),
('Guns N\' Roses', 'Shadow King'),
('Guns N\' Roses', 'Shotgun Messiah'),
('Guns N\' Roses', 'Sin City Sinners'),
('Guns N\' Roses', 'Sister'),
('Guns N\' Roses', 'Sixx:A.M.'),
('Guns N\' Roses', 'Skid Row'),
('Guns N\' Roses', 'Slash'),
('Guns N\' Roses', 'Slash\'s Blues Ball'),
('Guns N\' Roses', 'Slash\'s Snakepit'),
('Guns N\' Roses', 'SNEW'),
('Guns N\' Roses', 'Sound Barrier'),
('Guns N\' Roses', 'Spiders & Snakes'),
('Guns N\' Roses', 'Spread Eagle'),
('Guns N\' Roses', 'Stacey Blades'),
('Guns N\' Roses', 'Steph Honde'),
('Guns N\' Roses', 'Steve DiGiorgio'),
('Guns N\' Roses', 'Steve Riley'),
('Guns N\' Roses', 'Steve Stevens'),
('Guns N\' Roses', 'Steven Adler'),
('Guns N\' Roses', 'Stevie Young'),
('Guns N\' Roses', 'Stone Temple Pilots'),
('Guns N\' Roses', 'Terry Reid'),
('Guns N\' Roses', 'Tesla'),
('Guns N\' Roses', 'The Big F'),
('Guns N\' Roses', 'The Black Crowes'),
('Guns N\' Roses', 'The Cult'),
('Guns N\' Roses', 'The Dead Daisies'),
('Guns N\' Roses', 'The Desert Sessions'),
('Guns N\' Roses', 'The Dogs D\'Amour'),
('Guns N\' Roses', 'The Firm'),
('Guns N\' Roses', 'The Four Horsemen'),
('Guns N\' Roses', 'The Missionary Position'),
('Guns N\' Roses', 'The Outpatience'),
('Guns N\' Roses', 'The Party Boys'),
('Guns N\' Roses', 'The Wondergirls'),
('Guns N\' Roses', 'Thin Lizzy'),
('Guns N\' Roses', 'Timothy Drury'),
('Guns N\' Roses', 'Todd Kerns'),
('Guns N\' Roses', 'Tokyo Blade'),
('Guns N\' Roses', 'Tom Keifer'),
('Guns N\' Roses', 'Tommy Lee'),
('Guns N\' Roses', 'Tony Currenti'),
('Guns N\' Roses', 'Tony Palermo'),
('Guns N\' Roses', 'Tormé'),
('Guns N\' Roses', 'Tracii Guns'),
('Guns N\' Roses', 'Tsunami'),
('Guns N\' Roses', 'Tytan'),
('Guns N\' Roses', 'Union'),
('Guns N\' Roses', 'Vain'),
('Guns N\' Roses', 'Velvet Revolver'),
('Guns N\' Roses', 'Venefica'),
('Guns N\' Roses', 'Vince Neil'),
('Guns N\' Roses', 'Vixen'),
('Guns N\' Roses', 'W.A.S.P.'),
('Guns N\' Roses', 'Walking Papers'),
('Guns N\' Roses', 'Warren Zevon'),
('Guns N\' Roses', 'Warrior'),
('Guns N\' Roses', 'We Are Harlot'),
('Guns N\' Roses', 'West Arkeen'),
('Guns N\' Roses', 'Whitesnake'),
('Guns N\' Roses', 'Willie Basse'),
('Guns N\' Roses', 'Winter Rose'),
('Guns N\' Roses', 'Wolfmother'),
('Guns N\' Roses', 'X Japan'),
('Guns N\' Roses', 'XYZ'),
('Guns N\' Roses', 'Zodiac Mindwarp and the Love Reaction'),
('Kimbra', 'Bertie Blackman'),
('Kimbra', 'Bilal'),
('Kimbra', 'François Tétaz'),
('Kimbra', 'Jeff \"Gitty\" Gitelman'),
('Kimbra', 'Jeff Gitelman'),
('Kimbra', 'Miguel Atwood-Ferguson'),
('Kimbra', 'Om\'Mas Keith'),
('Kimbra', 'The Lookie Loos'),
('Kimbra', 'The Stepkids'),
('Lana Del Rey', 'Alex Dezen'),
('Lana Del Rey', 'Alex Wolff'),
('Lana Del Rey', 'Anamanaguchi'),
('Lana Del Rey', 'Andrew Scheps'),
('Lana Del Rey', 'Apache Stone'),
('Lana Del Rey', 'Asobi Seksu'),
('Lana Del Rey', 'Baby Shakes'),
('Lana Del Rey', 'Brother Love'),
('Lana Del Rey', 'Chief'),
('Lana Del Rey', 'CREƎP'),
('Lana Del Rey', 'Crystal Stilts'),
('Lana Del Rey', 'Diamond Nights'),
('Lana Del Rey', 'DJ Skee'),
('Lana Del Rey', 'Donald Cumming'),
('Lana Del Rey', 'Dot da Genius'),
('Lana Del Rey', 'Emancipator'),
('Lana Del Rey', 'Ezra Koenig'),
('Lana Del Rey', 'Floored by Four'),
('Lana Del Rey', 'Fun.'),
('Lana Del Rey', 'Glint'),
('Lana Del Rey', 'Grace Potter'),
('Lana Del Rey', 'Harper Blynn'),
('Lana Del Rey', 'Jakob Dylan'),
('Lana Del Rey', 'Kevin Rudolf'),
('Lana Del Rey', 'LiLi Roquelin'),
('Lana Del Rey', 'Me Talk Pretty'),
('Lana Del Rey', 'Mike Daly'),
('Lana Del Rey', 'Mindy Smith'),
('Lana Del Rey', 'Muj'),
('Lana Del Rey', 'My Brightest Diamond'),
('Lana Del Rey', 'Nano'),
('Lana Del Rey', 'Nellie McKay'),
('Lana Del Rey', 'Oakley Hall'),
('Lana Del Rey', 'Patrick Warren'),
('Lana Del Rey', 'Radio America'),
('Lana Del Rey', 'Rick Rubin'),
('Lana Del Rey', 'Saints and Lovers'),
('Lana Del Rey', 'Sarah Solovay'),
('Lana Del Rey', 'School of Seven Bells'),
('Lana Del Rey', 'Scott Jacoby'),
('Lana Del Rey', 'Sister Sparrow & the Dirty Birds'),
('Lana Del Rey', 'Small Black'),
('Lana Del Rey', 'Solovay'),
('Lana Del Rey', 'Soundpool'),
('Lana Del Rey', 'Suffrajett'),
('Lana Del Rey', 'Swati'),
('Lana Del Rey', 'Swati Sharma'),
('Lana Del Rey', 'The Antlers'),
('Lana Del Rey', 'The Candles'),
('Lana Del Rey', 'The Ropes'),
('Lana Del Rey', 'The Shivers'),
('Lana Del Rey', 'The Virgins'),
('Lana Del Rey', 'Tiffany Giardina'),
('Lana Del Rey', 'Tom Petty and the Heartbreakers'),
('Lana Del Rey', 'Tom Waits'),
('Lana Del Rey', 'U2'),
('Lana Del Rey', 'Visible from Space'),
('Lana Del Rey', 'Widowspeak'),
('Lana Del Rey', 'Young Love'),
('Lana Del Rey', 'Zander Bleck'),
('Lykke Li', 'Björn Yttling'),
('Lykke Li', 'Kleerup'),
('Lykke Li', 'Peter Bjorn and John'),
('Lykke Li', 'Primal Scream'),
('Lykke Li', 'Robyn'),
('Lykke Li', 'Shout Out Louds'),
('Maria Bethânia', 'Caetano Veloso'),
('Maria Bethânia', 'Carlinhos Brown'),
('Maria Bethânia', 'Chico Buarque'),
('Maria Bethânia', 'Daniela Mercury'),
('Maria Bethânia', 'Gal Costa'),
('Maria Bethânia', 'João Gilberto'),
('Maria Bethânia', 'Lenine'),
('Maria Bethânia', 'Margareth Menezes'),
('Maria Bethânia', 'Maria Gadú'),
('Maria Bethânia', 'Rita Lee'),
('Maroon 5', 'Adam Lambert'),
('Maroon 5', 'Alissa Moreno'),
('Maroon 5', 'Ammar Malik'),
('Maroon 5', 'Backhouse Mike'),
('Maroon 5', 'Benny Blanco'),
('Maroon 5', 'Josh Klinghoffer'),
('Maroon 5', 'Lifehouse'),
('Maroon 5', 'Michael Corcoran'),
('Maroon 5', 'Nick Jonas'),
('Maroon 5', 'Pink'),
('Maroon 5', 'Ryan Dusick'),
('Maroon 5', 'Sam Martin'),
('Maroon 5', 'Shellback'),
('Maroon 5', 'The Hippos'),
('MGMT', 'Black Lips'),
('MGMT', 'Bradford Cox'),
('MGMT', 'Cam Avery'),
('MGMT', 'Deerhunter'),
('MGMT', 'Electric Würms'),
('MGMT', 'Jay Watson'),
('MGMT', 'Jessica Delfino'),
('MGMT', 'Josh Lattanzi'),
('MGMT', 'Kevin Parker'),
('MGMT', 'Kimono Draggin\''),
('MGMT', 'Melody Prochet'),
('MGMT', 'Melody\'s Echo Chamber'),
('MGMT', 'Mercury Rev'),
('MGMT', 'Nick Allbrook'),
('MGMT', 'Pond'),
('MGMT', 'Sean Lennon'),
('MGMT', 'Shiny Joe Ryan'),
('MGMT', 'Sore Eros'),
('MGMT', 'Stardeath and White Dwarfs'),
('MGMT', 'Stereolab'),
('MGMT', 'Tame Impala'),
('MGMT', 'The Flaming Lips'),
('MGMT', 'The Silents'),
('MIKA', 'Adam Cohen'),
('MIKA', 'Darine'),
('MIKA', 'Fady Maalouf'),
('MIKA', 'Felix Bloxsom'),
('MIKA', 'James Blunt'),
('MIKA', 'Karl Wolf'),
('MIKA', 'Leona Lewis'),
('MIKA', 'Lumi'),
('MIKA', 'Massari'),
('MIKA', 'Mayssa Karaa'),
('MIKA', 'Meen'),
('MIKA', 'One Direction'),
('MIKA', 'Paloma Faith'),
('MIKA', 'Rabih Jaber'),
('MIKA', 'Richii'),
('MIKA', 'Slutterhouse'),
('MIKA', 'Steve Robson'),
('MIKA', 'Take That'),
('MIKA', 'The Wanton Bishops'),
('MIKA', 'Westlife'),
('Mötley Crüe', '58'),
('Mötley Crüe', 'A Perfect Circle'),
('Mötley Crüe', 'Adam Siegel'),
('Mötley Crüe', 'Alcatrazz'),
('Mötley Crüe', 'Amery Smith'),
('Mötley Crüe', 'Angora'),
('Mötley Crüe', 'Armored Saint'),
('Mötley Crüe', 'Assassin'),
('Mötley Crüe', 'Attaxe'),
('Mötley Crüe', 'Barren Cross'),
('Mötley Crüe', 'Bastardolomey'),
('Mötley Crüe', 'Beautiful Creatures'),
('Mötley Crüe', 'Bitch'),
('Mötley Crüe', 'Black Label Society'),
('Mötley Crüe', 'Blackie Lawless'),
('Mötley Crüe', 'Blackjack'),
('Mötley Crüe', 'Bleeker'),
('Mötley Crüe', 'Bob Kulick'),
('Mötley Crüe', 'Brand New Immortals'),
('Mötley Crüe', 'Brent Fitz'),
('Mötley Crüe', 'Brent Muscat'),
('Mötley Crüe', 'Brides of Destruction'),
('Mötley Crüe', 'Bruce Kulick'),
('Mötley Crüe', 'Buckcherry'),
('Mötley Crüe', 'Bulimia Banquet'),
('Mötley Crüe', 'BulletBoys'),
('Mötley Crüe', 'Cacophony'),
('Mötley Crüe', 'Candy'),
('Mötley Crüe', 'CHARLOTTE'),
('Mötley Crüe', 'Cheney Brannon'),
('Mötley Crüe', 'Cherie Currie'),
('Mötley Crüe', 'Chris Holmes'),
('Mötley Crüe', 'Chris Pitman'),
('Mötley Crüe', 'Chris Weber'),
('Mötley Crüe', 'Chuck Biscuits'),
('Mötley Crüe', 'Chuck Wright'),
('Mötley Crüe', 'Cinderella'),
('Mötley Crüe', 'Crossfade'),
('Mötley Crüe', 'Dark New Day'),
('Mötley Crüe', 'Darrell Roberts'),
('Mötley Crüe', 'Deen Castronovo'),
('Mötley Crüe', 'Deliverance'),
('Mötley Crüe', 'Dilana'),
('Mötley Crüe', 'Dilana Robichaux'),
('Mötley Crüe', 'Dirty Looks'),
('Mötley Crüe', 'DJ Ashba'),
('Mötley Crüe', 'Dokken'),
('Mötley Crüe', 'Don Dokken'),
('Mötley Crüe', 'Doug Blair'),
('Mötley Crüe', 'Dweezil Zappa'),
('Mötley Crüe', 'Eagles of Death Metal'),
('Mötley Crüe', 'Eddie St. James'),
('Mötley Crüe', 'Edward Vincent St.James'),
('Mötley Crüe', 'Eye Empire'),
('Mötley Crüe', 'Five Finger Death Punch'),
('Mötley Crüe', 'Fortune'),
('Mötley Crüe', 'Frankie Banali'),
('Mötley Crüe', 'Fred Coury'),
('Mötley Crüe', 'Fuel'),
('Mötley Crüe', 'Gilby Clarke'),
('Mötley Crüe', 'Guns N\' Roses'),
('Mötley Crüe', 'Halestorm'),
('Mötley Crüe', 'Harley Flanagan'),
('Mötley Crüe', 'Hear \'n Aid'),
('Mötley Crüe', 'Hellion'),
('Mötley Crüe', 'Hollywood Rose'),
('Mötley Crüe', 'Holy Soldier'),
('Mötley Crüe', 'HSAS'),
('Mötley Crüe', 'Izzy Stradlin'),
('Mötley Crüe', 'James Michael'),
('Mötley Crüe', 'Jason Newsted'),
('Mötley Crüe', 'Jeff Watson'),
('Mötley Crüe', 'Jeremy \"Guns\" Carson'),
('Mötley Crüe', 'Jeremy Guns'),
('Mötley Crüe', 'Jesters of Destiny'),
('Mötley Crüe', 'Jim Gillette'),
('Mötley Crüe', 'Joey Castillo'),
('Mötley Crüe', 'Joey Vera'),
('Mötley Crüe', 'John Avila'),
('Mötley Crüe', 'John Bush'),
('Mötley Crüe', 'John Corabi'),
('Mötley Crüe', 'Johnny Colt'),
('Mötley Crüe', 'Johnny Crash'),
('Mötley Crüe', 'Johnny Rod'),
('Mötley Crüe', 'Josh Freese'),
('Mötley Crüe', 'Josh Todd'),
('Mötley Crüe', 'Joshua'),
('Mötley Crüe', 'Juan Alderete'),
('Mötley Crüe', 'Keel'),
('Mötley Crüe', 'Kelly LeMieux'),
('Mötley Crüe', 'King Kobra'),
('Mötley Crüe', 'Kiss'),
('Mötley Crüe', 'L.A. Guns'),
('Mötley Crüe', 'Lääz Rockit'),
('Mötley Crüe', 'Leather Charm'),
('Mötley Crüe', 'Leatherwolf'),
('Mötley Crüe', 'Lita Ford'),
('Mötley Crüe', 'Lizzie Grey'),
('Mötley Crüe', 'Lizzy Borden'),
('Mötley Crüe', 'London'),
('Mötley Crüe', 'London LeGrand'),
('Mötley Crüe', 'Mark St. John'),
('Mötley Crüe', 'Megadeth'),
('Mötley Crüe', 'Metallica');
INSERT INTO `associado` (`A`, `B`) VALUES
('Mötley Crüe', 'Michael Landau'),
('Mötley Crüe', 'Mick Mars'),
('Mötley Crüe', 'Mike Dimkich'),
('Mötley Crüe', 'Mike Dupke'),
('Mötley Crüe', 'Mott the Hoople'),
('Mötley Crüe', 'MX Machine'),
('Mötley Crüe', 'Night Ranger'),
('Mötley Crüe', 'Nikki Sixx'),
('Mötley Crüe', 'Ozzy Osbourne'),
('Mötley Crüe', 'Patrick Muzingo'),
('Mötley Crüe', 'Quiet Riot'),
('Mötley Crüe', 'Racer X'),
('Mötley Crüe', 'Randy Castillo'),
('Mötley Crüe', 'Randy Piper'),
('Mötley Crüe', 'Rapidfire'),
('Mötley Crüe', 'Ratt'),
('Mötley Crüe', 'Rik Fox'),
('Mötley Crüe', 'Rob Zombie'),
('Mötley Crüe', 'Robert Stoddard'),
('Mötley Crüe', 'Rock Star Supernova'),
('Mötley Crüe', 'Ron McGovney'),
('Mötley Crüe', 'Samantha Maloney'),
('Mötley Crüe', 'Savage Grace'),
('Mötley Crüe', 'Scorpions'),
('Mötley Crüe', 'Scott Ford'),
('Mötley Crüe', 'Scott Sorry'),
('Mötley Crüe', 'Scott Travis'),
('Mötley Crüe', 'Sea Hags'),
('Mötley Crüe', 'Shark Island'),
('Mötley Crüe', 'Shotgun Messiah'),
('Mötley Crüe', 'Sintanic'),
('Mötley Crüe', 'Sister'),
('Mötley Crüe', 'Sixx:A.M.'),
('Mötley Crüe', 'Skitzo (Metal)'),
('Mötley Crüe', 'Slash'),
('Mötley Crüe', 'Sorcery'),
('Mötley Crüe', 'Sorry and the Sinatras'),
('Mötley Crüe', 'Souls of We'),
('Mötley Crüe', 'Sound Barrier'),
('Mötley Crüe', 'Spiders & Snakes'),
('Mötley Crüe', 'Staind'),
('Mötley Crüe', 'Steeler'),
('Mötley Crüe', 'Stet Howland'),
('Mötley Crüe', 'Steve Riley'),
('Mötley Crüe', 'Steve Stevens'),
('Mötley Crüe', 'The Black Crowes'),
('Mötley Crüe', 'The Dead Daisies'),
('Mötley Crüe', 'The Desert Sessions'),
('Mötley Crüe', 'The Ducks'),
('Mötley Crüe', 'The Gone Jackals'),
('Mötley Crüe', 'The Scream'),
('Mötley Crüe', 'The Wildhearts'),
('Mötley Crüe', 'Tod Howarth'),
('Mötley Crüe', 'Tommy Lee'),
('Mötley Crüe', 'Tony Palermo'),
('Mötley Crüe', 'Tony Richards'),
('Mötley Crüe', 'Tracii Guns'),
('Mötley Crüe', 'Tuff'),
('Mötley Crüe', 'Union'),
('Mötley Crüe', 'Vain'),
('Mötley Crüe', 'Vicious Rumors'),
('Mötley Crüe', 'Vince Neil'),
('Mötley Crüe', 'W.A.S.P.'),
('Mötley Crüe', 'Warrior'),
('Mötley Crüe', 'West Arkeen'),
('Mötley Crüe', 'White Noise Owl'),
('Mötley Crüe', 'Will Hunt'),
('Mötley Crüe', 'XYZ'),
('Pink', 'Adam Lambert'),
('Pink', 'Alex Nevsky'),
('Pink', 'André \"Dre\" Harris'),
('Pink', 'Andre Harris'),
('Pink', 'Antje Duvekot'),
('Pink', 'Benny Blanco'),
('Pink', 'Bilal'),
('Pink', 'Bree Sharp'),
('Pink', 'Carvin & Ivan'),
('Pink', 'Chris Brown'),
('Pink', 'Dallas Austin'),
('Pink', 'Damon Elliott'),
('Pink', 'Dave Carlock'),
('Pink', 'David Foster'),
('Pink', 'Dinavon Bythwood'),
('Pink', 'Doug Beck'),
('Pink', 'Dre & Vidal'),
('Pink', 'Elan Atias'),
('Pink', 'Family'),
('Pink', 'Fleetwood Mac'),
('Pink', 'George \"Spanky\" McCurdy'),
('Pink', 'George \\\\Spanky\\\\ McCurdy'),
('Pink', 'Ginuwine'),
('Pink', 'Greg Kurstin'),
('Pink', 'Hall & Oates'),
('Pink', 'Henrik Janson'),
('Pink', 'Henrik John Janson'),
('Pink', 'Ilya'),
('Pink', 'Ilya Salmanzadeh'),
('Pink', 'Ivan Barias'),
('Pink', 'Jesse Shatkin'),
('Pink', 'Jewel'),
('Pink', 'Jill Scott'),
('Pink', 'Joanna Pacitti'),
('Pink', 'John Spence'),
('Pink', 'Joi'),
('Pink', 'Josh Abraham'),
('Pink', 'Kelis'),
('Pink', 'Macy Gray'),
('Pink', 'Maroon 5'),
('Pink', 'Max Martin'),
('Pink', 'Michael Jackson'),
('Pink', 'Mýa'),
('Pink', 'Ne-Yo'),
('Pink', 'No Doubt'),
('Pink', 'Nox'),
('Pink', 'Ola'),
('Pink', 'Ola Svensson'),
('Pink', 'Paul Green'),
('Pink', 'Raphael Saadiq'),
('Pink', 'Richard Marx'),
('Pink', 'Romeo Antonio'),
('Pink', 'Sarah McLachlan'),
('Pink', 'Scott Storch'),
('Pink', 'Shellback'),
('Pink', 'SIRIS'),
('Pink', 'Tegan and Sara'),
('Pink', 'Tony Kanal'),
('Pink', 'Tony! Toni! Toné!'),
('Pink', 'Truth Hurts'),
('Pink', 'Westlife'),
('Pink', '赛日'),
('Pitty', '(Gustavo Monsanto)'),
('Pitty', 'Adair Cardoso'),
('Pitty', 'Ana Carolina'),
('Pitty', 'Autoramas'),
('Pitty', 'Cássia Eller'),
('Pitty', 'Charlie Brown Jr.'),
('Pitty', 'Chico César'),
('Pitty', 'CPM 22'),
('Pitty', 'Cristian Machado'),
('Pitty', 'Dazaranha'),
('Pitty', 'Dead Fish'),
('Pitty', 'Detonautas Roque Clube'),
('Pitty', 'Dr. Sin'),
('Pitty', 'Flerte Fatal'),
('Pitty', 'Gus Monsanto'),
('Pitty', 'Jimmy London'),
('Pitty', 'Jota Quest'),
('Pitty', 'KLB'),
('Pitty', 'Kleiderman'),
('Pitty', 'Los Hermanos'),
('Pitty', 'Marcelo Camelo'),
('Pitty', 'Marcelo Falcão'),
('Pitty', 'Matanza'),
('Pitty', 'Mauro Refosco'),
('Pitty', 'MC Lord Magrão'),
('Pitty', 'McLord Magrao'),
('Pitty', 'Nando Reis e Os Infernais'),
('Pitty', 'O Rappa'),
('Pitty', 'Orbe'),
('Pitty', 'Pato Fu'),
('Pitty', 'Reação Em Cadeia'),
('Pitty', 'Samuel Rosa'),
('Pitty', 'Skank'),
('Pitty', 'South Cry'),
('Pitty', 'Tihuana'),
('Pitty', 'Udora'),
('Tim Maia', 'Alex Veley'),
('Tim Maia', 'Antônio Carlos Jobim'),
('Tim Maia', 'Bola Sete'),
('Tim Maia', 'Dori Caymmi'),
('Tim Maia', 'Ed Wilson'),
('Tim Maia', 'Erasmo Carlos'),
('Tim Maia', 'Eumir Deodato'),
('Tim Maia', 'Flora Purim'),
('Tim Maia', 'J. T. Meirelles'),
('Tim Maia', 'Oscar Castro-Neves'),
('Tim Maia', 'Roberto Carlos'),
('Tim Maia', 'Sérgio Mendes'),
('Twenty One Pilots', 'Attack Cat'),
('Twenty One Pilots', 'Gran Bel Fisher'),
('Twenty One Pilots', 'Gypsy Parade'),
('Twenty One Pilots', 'Josh Dun'),
('Twenty One Pilots', 'Live My Last'),
('Twenty One Pilots', 'Shuree'),
('Twenty One Pilots', 'St. Lenox'),
('Twenty One Pilots', 'The Undeserving'),
('Zeca Pagodinho', 'Arthur Maia'),
('Zeca Pagodinho', 'Azymuth'),
('Zeca Pagodinho', 'Claudio Kron'),
('Zeca Pagodinho', 'Emílio Santiago'),
('Zeca Pagodinho', 'Fundo de Quintal'),
('Zeca Pagodinho', 'Hamilton de Holanda'),
('Zeca Pagodinho', 'Marco Castillo'),
('Zeca Pagodinho', 'Sandra de Sá'),
('Zeca Pagodinho', 'Simone Bittencourt de Oliveira'),
('Zeca Pagodinho', 'Zélia Duncan');

-- --------------------------------------------------------

--
-- Estrutura da tabela `evento`
--

CREATE TABLE `evento` (
  `Nome` varchar(64) NOT NULL,
  `Local` varchar(64) NOT NULL,
  `Data` date NOT NULL,
  `Descricao` varchar(700) NOT NULL,
  `Imagem` longblob,
  `Artista` varchar(64) NOT NULL
) ENGINE=InnoDB DEFAULT CHARSET=utf8 ROW_FORMAT=COMPACT;

--
-- Extraindo dados da tabela `evento`
--

INSERT INTO `evento` (`Nome`, `Local`, `Data`, `Descricao`, `Imagem`, `Artista`) VALUES
('Arcade Fire No DTE Energy Music Theatre', '7774 Sashabaw Road, Clarkston, 48348, United States', '2018-07-07', 'Sábado 7 de Julho de 2018 às 19h00m  \nLocal DTE Energy Music Theatre  7774 Sashabaw Road, Clarkston, 48348, United States  \nWeb: http://www.dteenergymusictheatre.org/  Mostrar no mapa   Link https://www1.ticketmaster.com/event/0800546DE8B56F66 ', NULL, 'Arcade Fire'),
('LETRUX: 1 Ano de Climão', 'Rua dos Arcos, S/N, Lapa, Rio de Janeiro, 20230-060, Brazil', '2018-07-13', 'Sexta-feira 13 de Julho de 2018 às 22h00m  \nLocal Circo Voador  Rua dos Arcos, S/N, Lapa, Rio de Janeiro, 20230-060, Brazil \n Tel: (21) 2533-0354 \n Web: http://www.circovoador.com.br', NULL, 'Letuce'),
('Bishop Briggs', 'The Van Buren, Phoenix, AZ, US', '2018-09-02', 'The Van Buren Van Buren 85003 Phoenix, AZ, US www.luckymanonline.com', NULL, 'Bishop Briggs'),
('Bishop Briggs', 'The Van Buren, Phoenix, AZ, US', '2018-09-02', 'The Van Buren Van Buren 85003 Phoenix, AZ, US www.luckymanonline.com', NULL, 'Bishop Briggs'),
('Florence and The Machine in SKOOKUM Festival 2018', 'Brockton Fields at Stanley Park, Vancouver, BC, Canada', '2018-09-07', 'Sexta 07 de setembro de 2018 – Sabado 09 de setembro de 2018', NULL, 'Florence and The Machine'),
('Boyce Avenue', 'Wolf Den, Mohegan Sun Casino, Uncasville, CT, US', '2018-09-14', 'x', NULL, 'Boyce Avenue'),
('Pitty in Planeta Rock 2018', 'Recinto de Exposições de São José do Rio Preto', '2018-08-11', 'Sábado 11 de agosto de 2018', NULL, 'Pitty'),
('Lily Allen', 'The Observatory, Santa Ana, CA, US', '2018-10-05', 'Sexta 05 de outubro de 2018', NULL, 'Lily Allen'),
('Lily Allen in Austin City Limits Music Festival 2018', 'Zilker Park, Austin, TX, US', '2018-10-12', 'Sexta 12 de outubro de 2018 – Sábado 14 de outubro de 2018', NULL, 'Lily Allen'),
('Maroon 5', 'Bankers Life Fieldhouse, Indianapolis, IN, US', '2018-09-20', 'Terça, 20 de setembro de 2018', NULL, 'Maroon 5'),
('Wesley Safadão in VillaMix Festival Lisboa 2018', 'Altice Arena, Lisbon, Portugal', '2018-10-06', 'Line-up: Alok, Jorge & Mateus, Wesley Safadão, Matheus & Kauan, e MC Kevinho', NULL, 'Wesley Safadão'),
('Wesley Safadão', 'Stage Music Park, Florianópolis, Brasil', '2018-09-22', 'Sábado 22 de setembro de 2018', NULL, 'Wesley Safadão'),
('MC Kevinho, Ludmilla, Henrique e Diego e Cláudia Leitte', 'Arena Anhembi, São Paulo, Brasil', '2018-07-22', 'Line-up: MC Kevinho, Ludmilla, Henrique e Diego, Cláudia Leitte', NULL, 'MC Kevinho'),
('Lucca Summer Festival 2018', 'Piazza Napoleone, Lucca, Italy', '2018-07-07', 'Line-up: Gorillaz, Nick Cave and The Bad Seeds, King Crimson e Hollywood Vampires', NULL, 'Hollywood Vampires'),
('Ms. Lauryn Hill', 'Northwell Health at Jones Beach Theater, Wantagh, NY, US', '2018-07-13', 'Line-up: Ms. Lauryn Hill, M.I.A., Busta Rhymes, Jo Mersa Marley, Dave East', NULL, 'Ms. Lauryn Hill'),
('Andrea Bocelli', 'Estádio Nacional de Brasília Mané Garrincha, Brasilia, Brasil', '2018-09-20', 'Quinta, 20 de setembro de 2018', NULL, 'Andrea Bocelli'),
('Cheap Trick', 'Burton Cummings Theatre, Winnipeg, MB, Canada', '2018-08-31', 'Sexta 31 de agosto de 2018', NULL, 'Cheap Trick'),
('Alice Cooper', 'Beacon Theatre, New York, NY, US', '2018-09-06', 'Quinta, 06 de setembro de 2018', NULL, 'Alice Cooper'),
('Nightwish', 'Herrenacker, Schaffhausen, Switzerland', '2018-08-11', 'Line-up: Nightwish, Stars in Town, James Blunt, Skunk Anansie, The Beauty of Gemina', NULL, 'James Blunt'),
('Treasure Island Music Festival 2018', 'Middle Harbor Shoreline Park, Oakland, CA, US', '2018-10-13', 'Line-up: A$AP Rocky, Tame Impala, Pusha T, Santigold, Lord Huron, Amine, Jungle, Courtney Barnett, Sharon Van Etten, Cigarettes After Sex, e mais…', NULL, 'Tame Impala'),
('Carlinhos Brown', 'Eventim Apollo, London, UK', '2018-11-04', 'Line-up: Carlinhos Brown, Arnaldo Antunes, Marisa Monte', NULL, 'Carlinhos Brown'),
('U2', 'AccorHotels Arena POPB, Paris, France', '2018-09-13', 'Quinta, 13 de setembro de 2018', NULL, 'U2'),
('Pink', 'Jacksonville Veterans Memorial Arena, Jacksonville, FL, US', '2019-03-05', 'Terça, 05 de março de 2019', NULL, 'Pink'),
('Capital Inicial', 'Auditório Araújo Viana, Porto Alegre, Brasil', '2018-08-11', 'Sábado 11 de agosto de 2018', NULL, 'Capital Inicial'),
('Hopscotch 2018', 'Raleigh, NC, US', '2018-09-06', 'Line-up: Miguel, Grizzly Bear, Belle and Sebastian, Real Estate, Thundercat, The Revolution (MN), dvsn, No Age, The Jayhawks, Moses Sumney e mais...', NULL, 'Grizzly Bear'),
('Scorpions', 'Seminole Hard Rock Hotel & Casino, Hollywood, FL, US', '2018-09-12', 'Quarta, 12 de setembro de 2018', NULL, 'Scorpions'),
('Adam Lambert and Queen', 'Park Theater, Park MGM Las Vegas, Las Vegas, NV, US', '2018-09-08', 'Line-up: Adam Lambert, Queen', NULL, 'Adam Lambert'),
('Ne-Yo', 'House of Blues - Anaheim, Anaheim, CA, US', '2018-08-03', 'Sexta, 03 de agosto de 2018', NULL, 'Ne-Yo'),
('Roberto Carlos', 'Auditorio Nacional, Mexico City, Mexico', '2018-11-10', 'Sexta, 10 de novembro de 2018', NULL, 'Roberto Carlos'),
('Okanagan Tattoo Show 2018', 'Kelowna, BC, Canada', '2018-07-22', 'Line-up: Teenage Bottlerocket, The Dudes, The Vidos, the fallaways, and The Wild! (Canada)', NULL, 'The Dudes'),
('Black Lips and Iceage', 'The Showbox, Seattle, WA, US', '2018-11-06', 'Line-up: Black Lips, Iceage, Surfbort', NULL, 'Black Lips'),
('Vinyl Williams', 'Lodge Room, Highland Park, CA, US', '2018-07-21', 'Line-up: Vinyl Williams, Triptides, Deep Fields', NULL, 'Vinyl Williams'),
('Skid Row', 'Prince Bandroom, Saint Kilda, VIC, Australia', '2018-10-10', 'Sexta, 19 de outubro de 2018', NULL, 'Skid Row'),
('Paloma Faith', 'Southsea Common, Southsea, UK', '2018-08-25', 'Sabado, 25 de agosto de 2018', NULL, 'Paloma Faith');

-- --------------------------------------------------------

--
-- Estrutura da tabela `gosta`
--

CREATE TABLE `gosta` (
  `Login` varchar(64) NOT NULL,
  `Nome` varchar(64) NOT NULL
) ENGINE=InnoDB DEFAULT CHARSET=utf8 ROW_FORMAT=COMPACT;

--
-- Extraindo dados da tabela `gosta`
--

INSERT INTO `gosta` (`Login`, `Nome`) VALUES
('ileon_', 'Arcade Fire'),
('ileon_', 'Florence and The Machine'),
('ileon_', 'Lady Gaga'),
('ileon_', 'Lana Del Rey'),
('ileon_', 'Letuce'),
('ileon_', 'Lorde'),
('ileon_', 'Pitty'),
('ileon_', 'Silva'),
('ileon_', 'Thalles'),
('ileon_', 'Thiago Pethit'),
('jvianadeavila', '4 Non Blondes'),
('jvianadeavila', 'Alicia Keys'),
('jvianadeavila', 'Boyce Avenue'),
('jvianadeavila', 'Flora Matos'),
('jvianadeavila', 'Francisco el Hombre'),
('jvianadeavila', 'Karol Conká'),
('jvianadeavila', 'Maria Bethânia'),
('jvianadeavila', 'Taylor Swift'),
('jvianadeavila', 'Tim Maia'),
('jvianadeavila', 'Zeca Pagodinho'),
('larissadaaraujo', 'Aerosmith'),
('larissadaaraujo', 'Engenheiros Do Hawaii'),
('larissadaaraujo', 'Guns N\' Roses'),
('larissadaaraujo', 'Lily Allen'),
('larissadaaraujo', 'Maroon 5'),
('larissadaaraujo', 'MIKA'),
('larissadaaraujo', 'Mötley Crüe'),
('larissadaaraujo', 'Pink'),
('larissadaaraujo', 'Rihanna'),
('larissadaaraujo', 'Twenty One Pilots'),
('milton', 'Alemão Do Forró'),
('milton', 'Bee Gees'),
('milton', 'Bonde do Forró'),
('milton', 'João Neto & Frederico'),
('milton', 'Léo Magalhães'),
('milton', 'MC Kevinho'),
('milton', 'Raça Negra'),
('milton', 'Tchê Chaleira'),
('milton', 'Turma do Pagode'),
('milton', 'Wesley Safadão'),
('vltvio', 'CocoRosie'),
('vltvio', 'ionnalee'),
('vltvio', 'Kanye West'),
('vltvio', 'Kimbra'),
('vltvio', 'Lady Gaga'),
('vltvio', 'Lily Allen'),
('vltvio', 'Lorde'),
('vltvio', 'Lykke Li'),
('vltvio', 'M.I.A.'),
('vltvio', 'MGMT');

-- --------------------------------------------------------

--
-- Estrutura da tabela `possuigenero`
--

CREATE TABLE `possuigenero` (
  `Nome` varchar(64) NOT NULL,
  `Genero` varchar(32) NOT NULL
) ENGINE=InnoDB DEFAULT CHARSET=utf8 ROW_FORMAT=COMPACT;

--
-- Extraindo dados da tabela `possuigenero`
--

INSERT INTO `possuigenero` (`Nome`, `Genero`) VALUES
('4 Non Blondes', 'Alternative rock'),
('4 Non Blondes', 'Blues rock'),
('4 Non Blondes', 'Hard rock'),
('4 Non Blondes', 'new wave pop'),
('4 Non Blondes', 'pop rock'),
('4 Non Blondes', 'Psychedelic rock'),
('Aerosmith', 'album rock'),
('Aerosmith', 'Blues rock'),
('Aerosmith', 'classic rock'),
('Aerosmith', 'Glam metal'),
('Aerosmith', 'hard rock'),
('Aerosmith', 'Heavy metal'),
('Aerosmith', 'rock'),
('Alicia Keys', 'hip pop'),
('Alicia Keys', 'neo soul'),
('Alicia Keys', 'pop'),
('Alicia Keys', 'r&b'),
('Alicia Keys', 'urban contemporary'),
('Arcade Fire', 'Art rock'),
('Arcade Fire', 'canadian indie'),
('Arcade Fire', 'chamber pop'),
('Arcade Fire', 'garage rock'),
('Arcade Fire', 'indie folk'),
('Arcade Fire', 'indie pop'),
('Arcade Fire', 'indie rock'),
('Arcade Fire', 'Indietronica'),
('Arcade Fire', 'modern rock'),
('Arcade Fire', 'permanent wave'),
('Bee Gees', 'adult standards'),
('Bee Gees', 'disco'),
('Bee Gees', 'mellow gold'),
('Bee Gees', 'Pop music'),
('Bee Gees', 'Rock music'),
('Bee Gees', 'soft rock'),
('Bee Gees', 'Soul'),
('Bishop Briggs', 'Alternative rock'),
('Bishop Briggs', 'Indie pop'),
('Bonde do Forró', 'axe'),
('Bonde do Forró', 'forro'),
('Bonde do Forró', 'pagode'),
('Bonde do Forró', 'sertanejo'),
('Bonde do Forró', 'sertanejo universitario'),
('Boyce Avenue', 'Alternative rock'),
('Boyce Avenue', 'neo mellow'),
('Boyce Avenue', 'pop'),
('Boyce Avenue', 'pop rock'),
('Boyce Avenue', 'viral pop'),
('CocoRosie', 'art pop'),
('CocoRosie', 'chamber pop'),
('CocoRosie', 'freak folk'),
('CocoRosie', 'Indie rock'),
('CocoRosie', 'Indietronica'),
('CocoRosie', 'new weird america'),
('CocoRosie', 'Rap opera'),
('Engenheiros Do Hawaii', 'Alternative rock'),
('Engenheiros Do Hawaii', 'Art rock'),
('Engenheiros Do Hawaii', 'brazilian rock'),
('Engenheiros Do Hawaii', 'mpb'),
('Engenheiros Do Hawaii', 'New wave'),
('Engenheiros Do Hawaii', 'Progressive rock'),
('Engenheiros Do Hawaii', 'rock gaucho'),
('Flora Matos', 'baile pop'),
('Flora Matos', 'brazilian hip hop'),
('Florence and The Machine', 'Art pop'),
('Florence and The Machine', 'Art rock'),
('Florence and The Machine', 'Baroque pop'),
('Florence and The Machine', 'Chamber pop'),
('Florence and The Machine', 'folk-pop'),
('Florence and The Machine', 'Indie pop'),
('Florence and The Machine', 'Indie rock'),
('Florence and The Machine', 'Indietronica'),
('Florence and The Machine', 'Neo soul'),
('Florence and The Machine', 'pop'),
('Francisco el Hombre', 'baile pop'),
('Francisco el Hombre', 'brazilian rock'),
('Francisco el Hombre', 'mpb'),
('Guns N\' Roses', 'glam metal'),
('Guns N\' Roses', 'hard rock'),
('Guns N\' Roses', 'Heavy metal'),
('Guns N\' Roses', 'rock'),
('ionnalee', 'alternative dance'),
('ionnalee', 'art pop'),
('ionnalee', 'electropop'),
('ionnalee', 'escape room'),
('ionnalee', 'indie poptimism'),
('ionnalee', 'indie r&b'),
('ionnalee', 'indietronica'),
('ionnalee', 'metropopolis'),
('ionnalee', 'strut'),
('ionnalee', 'swedish electropop'),
('João Neto & Frederico', 'Música Sertaneja'),
('João Neto & Frederico', 'sertanejo'),
('João Neto & Frederico', 'sertanejo pop'),
('João Neto & Frederico', 'sertanejo universitario'),
('Kanye West', 'pop rap'),
('Kanye West', 'rap'),
('Karol Conká', 'baile pop'),
('Karol Conká', 'brazilian hip hop'),
('Karol Conká', 'Hip hop'),
('Kimbra', 'electropop'),
('Kimbra', 'folk-pop'),
('Kimbra', 'indie r&b'),
('Kimbra', 'Indie rock'),
('Kimbra', 'indietronica'),
('Kimbra', 'Pop music'),
('Lady Gaga', 'dance pop'),
('Lady Gaga', 'pop'),
('Lady Gaga', 'post-teen pop'),
('Lana Del Rey', 'Baroque pop'),
('Lana Del Rey', 'Dream pop'),
('Lana Del Rey', 'pop'),
('Lana Del Rey', 'Rock music'),
('Lana Del Rey', 'Trip hop'),
('Léo Magalhães', 'axe'),
('Léo Magalhães', 'sertanejo'),
('Léo Magalhães', 'sertanejo pop'),
('Léo Magalhães', 'sertanejo universitario'),
('Letuce', 'baile pop'),
('Letuce', 'brazilian indie'),
('Lily Allen', 'dance pop'),
('Lily Allen', 'europop'),
('Lily Allen', 'folk-pop'),
('Lily Allen', 'pop'),
('Lily Allen', 'pop rock'),
('Lily Allen', 'post-teen pop'),
('Lorde', 'art pop'),
('Lorde', 'dance pop'),
('Lorde', 'electropop'),
('Lorde', 'metropopolis'),
('Lorde', 'pop'),
('Lykke Li', 'art pop'),
('Lykke Li', 'chamber pop'),
('Lykke Li', 'Dance-pop'),
('Lykke Li', 'Dream pop'),
('Lykke Li', 'electropop'),
('Lykke Li', 'folk-pop'),
('Lykke Li', 'indie pop'),
('Lykke Li', 'indie r&b'),
('Lykke Li', 'indietronica'),
('Lykke Li', 'pop'),
('Lykke Li', 'swedish electropop'),
('Lykke Li', 'swedish indie pop'),
('Lykke Li', 'swedish pop'),
('M.I.A.', 'dance pop'),
('M.I.A.', 'escape room'),
('M.I.A.', 'new rave'),
('M.I.A.', 'pop'),
('Maria Bethânia', 'baile pop'),
('Maria Bethânia', 'bossa nova'),
('Maria Bethânia', 'forro'),
('Maria Bethânia', 'mpb'),
('Maria Bethânia', 'Pop music'),
('Maria Bethânia', 'samba'),
('Maria Bethânia', 'Samba music'),
('Maroon 5', 'Blue-eyed soul'),
('Maroon 5', 'dance pop'),
('Maroon 5', 'Dance-pop'),
('Maroon 5', 'Funk rock'),
('Maroon 5', 'Neo soul'),
('Maroon 5', 'pop'),
('Maroon 5', 'Pop rock'),
('MC Kevinho', 'deep funk carioca'),
('MGMT', 'alternative dance'),
('MGMT', 'brooklyn indie'),
('MGMT', 'garage rock'),
('MGMT', 'indie pop'),
('MGMT', 'indie rock'),
('MGMT', 'indietronica'),
('MGMT', 'modern rock'),
('MGMT', 'Neo-psychedelia'),
('MGMT', 'neo-psychedelic'),
('MGMT', 'Psychedelic pop'),
('MGMT', 'Psychedelic rock'),
('MIKA', 'dance pop'),
('MIKA', 'europop'),
('MIKA', 'Glam rock'),
('MIKA', 'New wave'),
('MIKA', 'pop'),
('MIKA', 'Pop music'),
('MIKA', 'Rock music'),
('Mötley Crüe', 'album rock'),
('Mötley Crüe', 'classic rock'),
('Mötley Crüe', 'glam metal'),
('Mötley Crüe', 'hard rock'),
('Mötley Crüe', 'Heavy metal'),
('Mötley Crüe', 'metal'),
('Mötley Crüe', 'rock'),
('Mötley Crüe', 'sleaze rock'),
('Pink', 'Contemporary R&B'),
('Pink', 'dance pop'),
('Pink', 'pop'),
('Pink', 'Pop music'),
('Pink', 'Pop rock'),
('Pink', 'post-teen pop'),
('Pitty', 'Alternative metal'),
('Pitty', 'Alternative rock'),
('Pitty', 'baile pop'),
('Pitty', 'brazilian rock'),
('Pitty', 'Hard rock'),
('Pitty', 'Melodic hardcore'),
('Pitty', 'mpb'),
('Pitty', 'Punk rock'),
('Pitty', 'rock gaucho'),
('Pitty', 'Traditional folk music'),
('Raça Negra', 'axe'),
('Raça Negra', 'pagode'),
('Raça Negra', 'sertanejo'),
('Raça Negra', 'sertanejo universitario'),
('Rihanna', 'dance pop'),
('Rihanna', 'pop'),
('Rihanna', 'r&b'),
('Rihanna', 'urban contemporary'),
('Silva', 'baile pop'),
('Taylor Swift', 'Country music'),
('Taylor Swift', 'dance pop'),
('Taylor Swift', 'pop'),
('Taylor Swift', 'post-teen pop'),
('Tchê Chaleira', 'musica nativista'),
('Thiago Pethit', 'baile pop'),
('Thiago Pethit', 'brazilian indie'),
('Tim Maia', 'bossa nova'),
('Tim Maia', 'brazilian rock'),
('Tim Maia', 'Disco'),
('Tim Maia', 'Funk'),
('Tim Maia', 'mpb'),
('Tim Maia', 'pagode'),
('Tim Maia', 'samba'),
('Tim Maia', 'Soul'),
('Turma do Pagode', 'pagode'),
('Turma do Pagode', 'sertanejo universitario'),
('Twenty One Pilots', 'Alternative hip hop'),
('Twenty One Pilots', 'Electropop'),
('Twenty One Pilots', 'Indie pop'),
('Twenty One Pilots', 'pop punk'),
('Twenty One Pilots', 'Rock music'),
('Wesley Safadão', 'forro'),
('Zeca Pagodinho', 'axe'),
('Zeca Pagodinho', 'forro'),
('Zeca Pagodinho', 'mpb'),
('Zeca Pagodinho', 'pagode'),
('Zeca Pagodinho', 'samba'),
('Zeca Pagodinho', 'Samba music');

-- --------------------------------------------------------

--
-- Estrutura da tabela `possuilocal`
--

CREATE TABLE `possuilocal` (
  `Nome` varchar(64) NOT NULL,
  `Local` varchar(64) NOT NULL
) ENGINE=InnoDB DEFAULT CHARSET=utf8 ROW_FORMAT=COMPACT;

--
-- Extraindo dados da tabela `possuilocal`
--

INSERT INTO `possuilocal` (`Nome`, `Local`) VALUES
('4 Non Blondes', 'City and County of San Francisco'),
('4 Non Blondes', 'San Francisco, California'),
('4 Non Blondes', 'State of California'),
('Aerosmith', 'Boston, Massachusetts'),
('Aerosmith', 'City of Boston'),
('Aerosmith', 'Commonwealth of Massachusetts'),
('Alicia Keys', 'City of New York'),
('Alicia Keys', 'Hell\'s Kitchen'),
('Alicia Keys', 'New York City'),
('Arcade Fire', 'Canada'),
('Arcade Fire', 'City of Montreal'),
('Arcade Fire', 'Montreal'),
('Arcade Fire', 'Ville de Montréal'),
('Bishop Briggs', 'London'),
('Boyce Avenue', 'City of Sarasota'),
('Boyce Avenue', 'Sarasota, Florida'),
('Boyce Avenue', 'State of Florida'),
('CocoRosie', 'the United States'),
('Engenheiros Do Hawaii', 'Brazil'),
('Engenheiros Do Hawaii', 'Municipality of Porto Alegre'),
('Engenheiros Do Hawaii', 'Município de Porto Alegre'),
('Engenheiros Do Hawaii', 'Porto Alegre'),
('Guns N\' Roses', 'City of Los Angeles'),
('Guns N\' Roses', 'Los Angeles, California'),
('Guns N\' Roses', 'Old Los Angeles'),
('João Neto & Frederico', 'Brazil'),
('João Neto & Frederico', 'Municipality of Goiânia'),
('João Neto & Frederico', 'State of Goiás'),
('Kanye West', 'Atlanta, Georgia'),
('Kanye West', 'Chicago, Illinois'),
('Kanye West', 'City of Atlanta'),
('Kanye West', 'City of Chicago'),
('Karol Conká', 'Curitiba'),
('Karol Conká', 'Municipality of Curitiba'),
('Karol Conká', 'Município de Curitiba'),
('Kimbra', '(Kirikiriroa (Māori)'),
('Kimbra', 'Hamilton'),
('Lady Gaga', 'City of New York'),
('Lady Gaga', 'Manhattan'),
('Lady Gaga', 'New York City'),
('Lady Gaga', 'New York County'),
('Lana Del Rey', 'City of New York'),
('Lana Del Rey', 'Lake Placid, New York'),
('Lana Del Rey', 'New York City'),
('Lily Allen', 'Hammersmith'),
('Lily Allen', 'Islington'),
('Lily Allen', 'London'),
('Lorde', '(Tāmaki Makaurau (Māori)'),
('Lorde', 'Auckland'),
('Lykke Li', 'Skåne County'),
('Lykke Li', 'Skåne län'),
('Lykke Li', 'Ystad'),
('M.I.A.', 'Hounslow'),
('M.I.A.', 'London'),
('MGMT', 'Middletown, Connecticut'),
('MGMT', 'State of Connecticut'),
('MIKA', 'Beirut'),
('MIKA', 'Lebanon'),
('MIKA', 'بيروت'),
('Mötley Crüe', 'City of Los Angeles'),
('Mötley Crüe', 'Los Angeles, California'),
('Mötley Crüe', 'Old Los Angeles'),
('Mötley Crüe', 'State of California'),
('Pink', 'Borough of Doylestown'),
('Pink', 'City of Philadelphia'),
('Pink', 'Philadelphia, Pennsylvania'),
('Pitty', 'Bahia'),
('Pitty', 'Brazil'),
('Pitty', 'Estado da Bahia'),
('Pitty', 'Municipality of Salvador'),
('Pitty', 'Município de Salvador\'\''),
('Pitty', 'Salvador'),
('Rihanna', 'Saint Michael'),
('Taylor Swift', 'Reading, Pennsylvania'),
('Tim Maia', 'Municipality of Rio de Janeiro'),
('Tim Maia', 'Município do Rio de Janeiro'),
('Tim Maia', 'Rio de Janeiro'),
('Twenty One Pilots', 'City of Columbus'),
('Twenty One Pilots', 'Columbus, Ohio'),
('Twenty One Pilots', 'State of Ohio'),
('Wesley Safadão', 'Fortaleza'),
('Wesley Safadão', 'State of Ceará'),
('Wesley Safadão', 'The Municipality of Fortaleza'),
('Zeca Pagodinho', 'Brazil'),
('Zeca Pagodinho', 'Irajá'),
('Zeca Pagodinho', 'Municipality of Rio de Janeiro'),
('Zeca Pagodinho', 'Município do Rio de Janeiro'),
('Zeca Pagodinho', 'Rio de Janeiro');

-- --------------------------------------------------------

--
-- Estrutura da tabela `usuario`
--

CREATE TABLE `usuario` (
  `Login` varchar(64) NOT NULL,
  `Nome` varchar(64) NOT NULL
) ENGINE=InnoDB DEFAULT CHARSET=utf8 ROW_FORMAT=COMPACT;

--
-- Extraindo dados da tabela `usuario`
--

INSERT INTO `usuario` (`Login`, `Nome`) VALUES
('ileon_', 'Adson Ileon Ripinski Duarte'),
('jvianadeavila', 'Jacqueline Ávila'),
('larissadaaraujo', 'Larissa de Ávila Araújo'),
('milton', 'Milton'),
('vltvio', 'Sávio Thierry');

--
-- Indexes for dumped tables
--

--
-- Indexes for table `artista`
--
ALTER TABLE `artista`
  ADD PRIMARY KEY (`Nome`);

--
-- Indexes for table `associado`
--
ALTER TABLE `associado`
  ADD PRIMARY KEY (`A`,`B`),
  ADD KEY `A` (`A`),
  ADD KEY `B` (`B`);

--
-- Indexes for table `evento`
--
ALTER TABLE `evento`
  ADD KEY `Artista` (`Artista`);

--
-- Indexes for table `gosta`
--
ALTER TABLE `gosta`
  ADD PRIMARY KEY (`Login`,`Nome`),
  ADD KEY `Login` (`Login`),
  ADD KEY `Nome` (`Nome`);

--
-- Indexes for table `possuigenero`
--
ALTER TABLE `possuigenero`
  ADD PRIMARY KEY (`Nome`,`Genero`),
  ADD KEY `Nome` (`Nome`);

--
-- Indexes for table `possuilocal`
--
ALTER TABLE `possuilocal`
  ADD PRIMARY KEY (`Nome`,`Local`),
  ADD KEY `Nome` (`Nome`);

--
-- Indexes for table `usuario`
--
ALTER TABLE `usuario`
  ADD PRIMARY KEY (`Login`);

--
-- Constraints for dumped tables
--

--
-- Limitadores para a tabela `associado`
--
ALTER TABLE `associado`
  ADD CONSTRAINT `Associado_ibfk_1` FOREIGN KEY (`A`) REFERENCES `artista` (`Nome`) ON DELETE CASCADE ON UPDATE CASCADE,
  ADD CONSTRAINT `Associado_ibfk_2` FOREIGN KEY (`B`) REFERENCES `artista` (`Nome`) ON DELETE CASCADE ON UPDATE CASCADE;

--
-- Limitadores para a tabela `evento`
--
ALTER TABLE `evento`
  ADD CONSTRAINT `Evento_ibfk_1` FOREIGN KEY (`Artista`) REFERENCES `artista` (`Nome`) ON DELETE CASCADE ON UPDATE CASCADE;

--
-- Limitadores para a tabela `gosta`
--
ALTER TABLE `gosta`
  ADD CONSTRAINT `Gosta_ibfk_1` FOREIGN KEY (`Login`) REFERENCES `usuario` (`Login`) ON DELETE CASCADE ON UPDATE CASCADE,
  ADD CONSTRAINT `Gosta_ibfk_2` FOREIGN KEY (`Nome`) REFERENCES `artista` (`Nome`) ON DELETE CASCADE ON UPDATE CASCADE;

--
-- Limitadores para a tabela `possuigenero`
--
ALTER TABLE `possuigenero`
  ADD CONSTRAINT `PossuiGenero_ibfk_1` FOREIGN KEY (`Nome`) REFERENCES `artista` (`Nome`) ON DELETE CASCADE ON UPDATE CASCADE;

--
-- Limitadores para a tabela `possuilocal`
--
ALTER TABLE `possuilocal`
  ADD CONSTRAINT `PossuiLocal_ibfk_1` FOREIGN KEY (`Nome`) REFERENCES `artista` (`Nome`) ON DELETE CASCADE ON UPDATE CASCADE;
COMMIT;

/*!40101 SET CHARACTER_SET_CLIENT=@OLD_CHARACTER_SET_CLIENT */;
/*!40101 SET CHARACTER_SET_RESULTS=@OLD_CHARACTER_SET_RESULTS */;
/*!40101 SET COLLATION_CONNECTION=@OLD_COLLATION_CONNECTION */;
